/********************************************************************************/
/*	      This file is to populate sample data for our database system          */
/********************************************************************************/

USE RealEstate;

INSERT INTO PROPERTY_TYPE VALUES (0, "Apartment"), (1, "Bungalow"), (2, "Townhouse");
INSERT INTO LISTING_TYPE VALUES (0, "For Rent"), (1, "For Sale");
INSERT INTO STATUS_TYPE VALUES (0, "Leased"), (1, "Listed"), (2, "Sold"), (3, "Under Offer");
INSERT INTO OFFER_STATUS VALUES (0, "Accepted"), (1, "Rejected"), (2, "In Consideration");
INSERT INTO ROLE_TYPE VALUES (0, "Sales Agent"), (1, "Manager");
INSERT INTO CONTRACT_STATUS VALUES (0, "Signed"), (1, "In Progress");

INSERT INTO property (id, property_type_id, listing_type_id, property_status_id, price, city, state, address, num_bath, num_bed, car_space) VALUES (0, 2, NULL, 0, 49900.0, "Syracuse", "New York", "2556 Peony Blvd", 2.0, 3.0, 1);
INSERT INTO property (id, property_type_id, listing_type_id, property_status_id, price, city, state, address, num_bath, num_bed, car_space) VALUES (1, 2, NULL, 2, 1250000.0, "Bronx", "New York", "6606 Hazel Ln", 6.0, 9.0, 4);
INSERT INTO property (id, property_type_id, listing_type_id, property_status_id, price, city, state, address, num_bath, num_bed, car_space) VALUES (2, 2, NULL, 2, 635000.0, "New York City", "New York", "1705 Sycamore Rd", 1.0, 1.0, 1);
INSERT INTO property (id, property_type_id, listing_type_id, property_status_id, price, city, state, address, num_bath, num_bed, car_space) VALUES (3, 0, NULL, 2, 119700.0, "Philadelphia", "Pennsylvania", "7899 Palm Rd", 1.0, 3.0, 0);
INSERT INTO property (id, property_type_id, listing_type_id, property_status_id, price, city, state, address, num_bath, num_bed, car_space) VALUES (4, 0, NULL, 2, 759000.0, "Boston", "Massachusetts", "8736 Sunflower Ave", 2.0, 2.0, 0);
INSERT INTO property (id, property_type_id, listing_type_id, property_status_id, price, city, state, address, num_bath, num_bed, car_space) VALUES (5, 2, 1.0, 1, 2295000.0, "Boston", "Massachusetts", "2556 Carnation Dr", 2.0, 2.0, 1);
INSERT INTO property (id, property_type_id, listing_type_id, property_status_id, price, city, state, address, num_bath, num_bed, car_space) VALUES (6, 0, NULL, 0, 1400000.0, "Brooklyn", "New York", "866 Iris St", 4.0, 6.0, 0);
INSERT INTO property (id, property_type_id, listing_type_id, property_status_id, price, city, state, address, num_bath, num_bed, car_space) VALUES (7, 1, 1.0, 3, 4999999.0, "Boston", "Massachusetts", "2085 Daffodil Dr", 4.0, 5.0, 1);
INSERT INTO property (id, property_type_id, listing_type_id, property_status_id, price, city, state, address, num_bath, num_bed, car_space) VALUES (8, 1, 0.0, 3, 999000.0, "Brooklyn", "New York", "9614 Zinnia St", 2.0, 3.0, 1);
INSERT INTO property (id, property_type_id, listing_type_id, property_status_id, price, city, state, address, num_bath, num_bed, car_space) VALUES (9, 2, NULL, 0, 90000.0, "Philadelphia", "Pennsylvania", "522 Lily Blvd", 2.0, 3.0, 1);
INSERT INTO property (id, property_type_id, listing_type_id, property_status_id, price, city, state, address, num_bath, num_bed, car_space) VALUES (10, 2, NULL, 0, 850000.0, "Boston", "Massachusetts", "4075 Daffodil St", 2.0, 2.0, 1);
INSERT INTO property (id, property_type_id, listing_type_id, property_status_id, price, city, state, address, num_bath, num_bed, car_space) VALUES (11, 2, 1.0, 1, 200000.0, "Philadelphia", "Pennsylvania", "1500 Wisteria Blvd", 1.0, 3.0, 1);
INSERT INTO property (id, property_type_id, listing_type_id, property_status_id, price, city, state, address, num_bath, num_bed, car_space) VALUES (12, 0, NULL, 0, 450000.0, "Bronx", "New York", "7688 Lily Ave", 3.0, 3.0, 0);
INSERT INTO property (id, property_type_id, listing_type_id, property_status_id, price, city, state, address, num_bath, num_bed, car_space) VALUES (13, 2, NULL, 2, 2500000.0, "Brooklyn", "New York", "5814 Petunia Pl", 3.0, 8.0, 3);
INSERT INTO property (id, property_type_id, listing_type_id, property_status_id, price, city, state, address, num_bath, num_bed, car_space) VALUES (14, 2, NULL, 0, 699000.0, "Bronx", "New York", "6603 Lilac Blvd", 2.0, 3.0, 1);
INSERT INTO property (id, property_type_id, listing_type_id, property_status_id, price, city, state, address, num_bath, num_bed, car_space) VALUES (15, 2, NULL, 2, 150000.0, "Syracuse", "New York", "974 Carnation Dr", 2.0, 2.0, 1);
INSERT INTO property (id, property_type_id, listing_type_id, property_status_id, price, city, state, address, num_bath, num_bed, car_space) VALUES (16, 1, NULL, 2, 150000.0, "Schenectady", "New York", "3158 Hyacinth Pl", 2.0, 3.0, 1);
INSERT INTO property (id, property_type_id, listing_type_id, property_status_id, price, city, state, address, num_bath, num_bed, car_space) VALUES (17, 0, NULL, 2, 515000.0, "Philadelphia", "Pennsylvania", "3797 Mimosa St", 4.0, 10.0, 0);
INSERT INTO property (id, property_type_id, listing_type_id, property_status_id, price, city, state, address, num_bath, num_bed, car_space) VALUES (18, 0, NULL, 0, 40000.0, "Syracuse", "New York", "9779 Daffodil Dr", 1.0, 2.0, 0);
INSERT INTO property (id, property_type_id, listing_type_id, property_status_id, price, city, state, address, num_bath, num_bed, car_space) VALUES (19, 2, 1.0, 1, 33000000.0, "New York City", "New York", "196 Lilac Blvd", 12.0, 12.0, 7);
INSERT INTO property (id, property_type_id, listing_type_id, property_status_id, price, city, state, address, num_bath, num_bed, car_space) VALUES (20, 0, 1.0, 1, 1298888.0, "Bronx", "New York", "7345 Dahlia Dr", 3.0, 6.0, 0);
INSERT INTO property (id, property_type_id, listing_type_id, property_status_id, price, city, state, address, num_bath, num_bed, car_space) VALUES (21, 2, NULL, 0, 4500000.0, "New York City", "New York", "8419 Chestnut Ln", 4.0, 5.0, 1);
INSERT INTO property (id, property_type_id, listing_type_id, property_status_id, price, city, state, address, num_bath, num_bed, car_space) VALUES (22, 2, NULL, 0, 659000.0, "Brooklyn", "New York", "206 Azalea Way", 2.0, 2.0, 1);
INSERT INTO property (id, property_type_id, listing_type_id, property_status_id, price, city, state, address, num_bath, num_bed, car_space) VALUES (23, 0, NULL, 0, 375000.0, "Philadelphia", "Pennsylvania", "4019 Juniper Pl", 2.0, 3.0, 0);
INSERT INTO property (id, property_type_id, listing_type_id, property_status_id, price, city, state, address, num_bath, num_bed, car_space) VALUES (24, 1, NULL, 2, 1500000.0, "Brooklyn", "New York", "2601 Walnut Rd", 3.0, 8.0, 2);
INSERT INTO property (id, property_type_id, listing_type_id, property_status_id, price, city, state, address, num_bath, num_bed, car_space) VALUES (25, 2, NULL, 0, 1800000.0, "Brooklyn", "New York", "3110 Cypress Blvd", 3.0, 4.0, 1);
INSERT INTO property (id, property_type_id, listing_type_id, property_status_id, price, city, state, address, num_bath, num_bed, car_space) VALUES (26, 2, NULL, 2, 137300.0, "Albany", "New York", "421 Cypress Blvd", 3.0, 5.0, 1);
INSERT INTO property (id, property_type_id, listing_type_id, property_status_id, price, city, state, address, num_bath, num_bed, car_space) VALUES (27, 0, NULL, 0, 729000.0, "Boston", "Massachusetts", "268 Marigold St", 2.0, 3.0, 0);
INSERT INTO property (id, property_type_id, listing_type_id, property_status_id, price, city, state, address, num_bath, num_bed, car_space) VALUES (28, 1, NULL, 2, 145000.0, "Philadelphia", "Pennsylvania", "9566 Magnolia Ct", 1.0, 3.0, 1);
INSERT INTO property (id, property_type_id, listing_type_id, property_status_id, price, city, state, address, num_bath, num_bed, car_space) VALUES (29, 0, NULL, 0, 1149000.0, "Boston", "Massachusetts", "2901 Bamboo Ave", 3.0, 6.0, 0);
INSERT INTO property (id, property_type_id, listing_type_id, property_status_id, price, city, state, address, num_bath, num_bed, car_space) VALUES (30, 0, NULL, 2, 785000.0, "Brooklyn", "New York", "5272 Hazel Ln", 3.0, 4.0, 0);
INSERT INTO property (id, property_type_id, listing_type_id, property_status_id, price, city, state, address, num_bath, num_bed, car_space) VALUES (31, 2, NULL, 2, 349000.0, "Staten Island", "New York", "9690 Cactus Pl", 1.0, 1.0, 1);
INSERT INTO property (id, property_type_id, listing_type_id, property_status_id, price, city, state, address, num_bath, num_bed, car_space) VALUES (32, 0, NULL, 2, 110000.0, "Albany", "New York", "5124 Hyacinth Ave", 1.0, 3.0, 0);
INSERT INTO property (id, property_type_id, listing_type_id, property_status_id, price, city, state, address, num_bath, num_bed, car_space) VALUES (33, 0, NULL, 2, 435000.0, "Kingston", "New York", "9951 Cactus Pl", 3.0, 3.0, 0);
INSERT INTO property (id, property_type_id, listing_type_id, property_status_id, price, city, state, address, num_bath, num_bed, car_space) VALUES (34, 0, NULL, 2, 1575000.0, "New York City", "New York", "6083 Sycamore Rd", 2.0, 2.0, 0);
INSERT INTO property (id, property_type_id, listing_type_id, property_status_id, price, city, state, address, num_bath, num_bed, car_space) VALUES (35, 2, NULL, 2, 895000.0, "Boston", "Massachusetts", "1878 Dahlia Blvd", 2.0, 3.0, 1);
INSERT INTO property (id, property_type_id, listing_type_id, property_status_id, price, city, state, address, num_bath, num_bed, car_space) VALUES (36, 1, 0.0, 3, 106500.0, "Syracuse", "New York", "8529 Violet Ave", 1.0, 2.0, 1);
INSERT INTO property (id, property_type_id, listing_type_id, property_status_id, price, city, state, address, num_bath, num_bed, car_space) VALUES (37, 2, 0.0, 1, 2350000.0, "Brooklyn", "New York", "4043 Cactus Pl", 3.0, 5.0, 1);
INSERT INTO property (id, property_type_id, listing_type_id, property_status_id, price, city, state, address, num_bath, num_bed, car_space) VALUES (38, 1, NULL, 0, 369000.0, "Kingston", "New York", "1598 Hyacinth Pl", 2.0, 3.0, 1);
INSERT INTO property (id, property_type_id, listing_type_id, property_status_id, price, city, state, address, num_bath, num_bed, car_space) VALUES (39, 1, 1.0, 1, 1460000.0, "New York City", "New York", "5434 Dahlia Blvd", 1.0, 2.0, 1);
INSERT INTO property (id, property_type_id, listing_type_id, property_status_id, price, city, state, address, num_bath, num_bed, car_space) VALUES (40, 2, NULL, 2, 389900.0, "Syracuse", "New York", "4702 Cherry Dr", 3.0, 4.0, 1);
INSERT INTO property (id, property_type_id, listing_type_id, property_status_id, price, city, state, address, num_bath, num_bed, car_space) VALUES (41, 1, NULL, 2, 1299000.0, "Boston", "Massachusetts", "199 Rose Ave", 2.0, 2.0, 1);
INSERT INTO property (id, property_type_id, listing_type_id, property_status_id, price, city, state, address, num_bath, num_bed, car_space) VALUES (42, 2, 1.0, 1, 249900.0, "Albany", "New York", "2189 Wisteria Blvd", 2.0, 3.0, 1);
INSERT INTO property (id, property_type_id, listing_type_id, property_status_id, price, city, state, address, num_bath, num_bed, car_space) VALUES (43, 0, NULL, 0, 699000.0, "Bronx", "New York", "8965 Cactus Pl", 2.0, 3.0, 0);
INSERT INTO property (id, property_type_id, listing_type_id, property_status_id, price, city, state, address, num_bath, num_bed, car_space) VALUES (44, 1, 1.0, 3, 1199000.0, "Boston", "Massachusetts", "1138 Tulip Ave", 5.0, 5.0, 1);
INSERT INTO property (id, property_type_id, listing_type_id, property_status_id, price, city, state, address, num_bath, num_bed, car_space) VALUES (45, 2, NULL, 0, 225000.0, "Albany", "New York", "7055 Poplar Rd", 2.0, 5.0, 2);
INSERT INTO property (id, property_type_id, listing_type_id, property_status_id, price, city, state, address, num_bath, num_bed, car_space) VALUES (46, 1, NULL, 0, 739000.0, "Bronx", "New York", "1252 Peony Way", 3.0, 3.0, 1);
INSERT INTO property (id, property_type_id, listing_type_id, property_status_id, price, city, state, address, num_bath, num_bed, car_space) VALUES (47, 2, NULL, 0, 599000.0, "Brooklyn", "New York", "7240 Walnut Rd", 3.0, 4.0, 1);
INSERT INTO property (id, property_type_id, listing_type_id, property_status_id, price, city, state, address, num_bath, num_bed, car_space) VALUES (48, 0, NULL, 0, 550000.0, "Bronx", "New York", "9767 Birch Ave", 1.0, 2.0, 0);
INSERT INTO property (id, property_type_id, listing_type_id, property_status_id, price, city, state, address, num_bath, num_bed, car_space) VALUES (49, 0, NULL, 2, 2548888.0, "Brooklyn", "New York", "2779 Petunia Blvd", 3.0, 9.0, 0);
INSERT INTO property (id, property_type_id, listing_type_id, property_status_id, price, city, state, address, num_bath, num_bed, car_space) VALUES (50, 2, NULL, 0, 545000.0, "Kingston", "New York", "5060 Tulip Dr", 2.0, 4.0, 1);
INSERT INTO property (id, property_type_id, listing_type_id, property_status_id, price, city, state, address, num_bath, num_bed, car_space) VALUES (51, 2, NULL, 0, 1750000.0, "Brooklyn", "New York", "1666 Lily Rd", 3.0, 8.0, 1);
INSERT INTO property (id, property_type_id, listing_type_id, property_status_id, price, city, state, address, num_bath, num_bed, car_space) VALUES (52, 0, NULL, 0, 699000.0, "Brooklyn", "New York", "8500 Hyacinth Ave", 2.0, 3.0, 0);
INSERT INTO property (id, property_type_id, listing_type_id, property_status_id, price, city, state, address, num_bath, num_bed, car_space) VALUES (53, 0, 0.0, 3, 349900.0, "Kingston", "New York", "538 Petunia Pl", 2.0, 3.0, 0);
INSERT INTO property (id, property_type_id, listing_type_id, property_status_id, price, city, state, address, num_bath, num_bed, car_space) VALUES (54, 0, NULL, 2, 949999.0, "Bronx", "New York", "9522 Peony Dr", 4.0, 8.0, 0);
INSERT INTO property (id, property_type_id, listing_type_id, property_status_id, price, city, state, address, num_bath, num_bed, car_space) VALUES (55, 0, NULL, 0, 799000.0, "Bronx", "New York", "2726 Magnolia Ct", 2.0, 5.0, 0);
INSERT INTO property (id, property_type_id, listing_type_id, property_status_id, price, city, state, address, num_bath, num_bed, car_space) VALUES (56, 1, NULL, 2, 209000.0, "Philadelphia", "Pennsylvania", "1033 Sunflower Ct", 1.0, 3.0, 1);
INSERT INTO property (id, property_type_id, listing_type_id, property_status_id, price, city, state, address, num_bath, num_bed, car_space) VALUES (57, 0, NULL, 2, 470000.0, "Philadelphia", "Pennsylvania", "2889 Azalea Way", 3.0, 3.0, 0);
INSERT INTO property (id, property_type_id, listing_type_id, property_status_id, price, city, state, address, num_bath, num_bed, car_space) VALUES (58, 2, 1.0, 3, 125000.0, "Albany", "New York", "691 Cottonwood Blvd", 2.0, 4.0, 1);
INSERT INTO property (id, property_type_id, listing_type_id, property_status_id, price, city, state, address, num_bath, num_bed, car_space) VALUES (59, 2, NULL, 0, 1250000.0, "Bronx", "New York", "9627 Daisy Blvd", 5.0, 7.0, 2);
INSERT INTO property (id, property_type_id, listing_type_id, property_status_id, price, city, state, address, num_bath, num_bed, car_space) VALUES (60, 1, NULL, 0, 399000.0, "Staten Island", "New York", "2781 Zinnia Dr", 3.0, 3.0, 1);
INSERT INTO property (id, property_type_id, listing_type_id, property_status_id, price, city, state, address, num_bath, num_bed, car_space) VALUES (61, 1, 0.0, 3, 547000.0, "Bronx", "New York", "8720 Lilac Ave", 2.0, 3.0, 1);
INSERT INTO property (id, property_type_id, listing_type_id, property_status_id, price, city, state, address, num_bath, num_bed, car_space) VALUES (62, 0, NULL, 2, 539900.0, "Albany", "New York", "984 Hazel Ln", 4.0, 5.0, 0);
INSERT INTO property (id, property_type_id, listing_type_id, property_status_id, price, city, state, address, num_bath, num_bed, car_space) VALUES (63, 1, NULL, 0, 269000.0, "Albany", "New York", "5613 Wisteria Blvd", 2.0, 4.0, 1);
INSERT INTO property (id, property_type_id, listing_type_id, property_status_id, price, city, state, address, num_bath, num_bed, car_space) VALUES (64, 1, NULL, 2, 459000.0, "Boston", "Massachusetts", "335 Carnation Dr", 2.0, 2.0, 1);
INSERT INTO property (id, property_type_id, listing_type_id, property_status_id, price, city, state, address, num_bath, num_bed, car_space) VALUES (65, 0, NULL, 2, 629900.0, "Bronx", "New York", "9284 Petunia Pl", 3.0, 3.0, 0);
INSERT INTO property (id, property_type_id, listing_type_id, property_status_id, price, city, state, address, num_bath, num_bed, car_space) VALUES (66, 0, NULL, 0, 695000.0, "New York City", "New York", "8956 Sunflower Ct", 1.0, 2.0, 0);
INSERT INTO property (id, property_type_id, listing_type_id, property_status_id, price, city, state, address, num_bath, num_bed, car_space) VALUES (67, 2, NULL, 2, 1100000.0, "Brooklyn", "New York", "6845 Dahlia Ave", 2.0, 3.0, 1);
INSERT INTO property (id, property_type_id, listing_type_id, property_status_id, price, city, state, address, num_bath, num_bed, car_space) VALUES (68, 0, NULL, 0, 3350000.0, "New York City", "New York", "7522 Violet Ln", 6.0, 6.0, 0);
INSERT INTO property (id, property_type_id, listing_type_id, property_status_id, price, city, state, address, num_bath, num_bed, car_space) VALUES (69, 2, NULL, 2, 200000.0, "Schenectady", "New York", "9429 Juniper Pl", 2.0, 2.0, 1);
INSERT INTO property (id, property_type_id, listing_type_id, property_status_id, price, city, state, address, num_bath, num_bed, car_space) VALUES (70, 0, NULL, 2, 349900.0, "Syracuse", "New York", "9857 Violet Ave", 3.0, 4.0, 0);
INSERT INTO property (id, property_type_id, listing_type_id, property_status_id, price, city, state, address, num_bath, num_bed, car_space) VALUES (71, 0, 1.0, 1, 788000.0, "Staten Island", "New York", "9859 Peony Blvd", 4.0, 4.0, 0);
INSERT INTO property (id, property_type_id, listing_type_id, property_status_id, price, city, state, address, num_bath, num_bed, car_space) VALUES (72, 0, NULL, 0, 324900.0, "Albany", "New York", "5666 Daffodil Blvd", 2.0, 2.0, 0);
INSERT INTO property (id, property_type_id, listing_type_id, property_status_id, price, city, state, address, num_bath, num_bed, car_space) VALUES (73, 2, NULL, 2, 1750000.0, "New York City", "New York", "6069 Pine Rd", 4.0, 3.0, 1);
INSERT INTO property (id, property_type_id, listing_type_id, property_status_id, price, city, state, address, num_bath, num_bed, car_space) VALUES (74, 2, NULL, 2, 999999.0, "Brooklyn", "New York", "8731 Iris St", 3.0, 5.0, 1);
INSERT INTO property (id, property_type_id, listing_type_id, property_status_id, price, city, state, address, num_bath, num_bed, car_space) VALUES (75, 1, NULL, 0, 6495000.0, "Brooklyn", "New York", "5703 Zinnia Ave", 10.0, 8.0, 1);
INSERT INTO property (id, property_type_id, listing_type_id, property_status_id, price, city, state, address, num_bath, num_bed, car_space) VALUES (76, 2, NULL, 2, 650000.0, "Brooklyn", "New York", "1676 Carnation Way", 2.0, 3.0, 1);
INSERT INTO property (id, property_type_id, listing_type_id, property_status_id, price, city, state, address, num_bath, num_bed, car_space) VALUES (77, 2, NULL, 0, 3950000.0, "New York City", "New York", "6878 Alder Blvd", 5.0, 7.0, 1);
INSERT INTO property (id, property_type_id, listing_type_id, property_status_id, price, city, state, address, num_bath, num_bed, car_space) VALUES (78, 2, NULL, 0, 569000.0, "Bronx", "New York", "8014 Alder Blvd", 2.0, 3.0, 1);
INSERT INTO property (id, property_type_id, listing_type_id, property_status_id, price, city, state, address, num_bath, num_bed, car_space) VALUES (79, 2, NULL, 0, 509999.0, "Brooklyn", "New York", "7221 Iris Blvd", 2.0, 2.0, 1);
INSERT INTO property (id, property_type_id, listing_type_id, property_status_id, price, city, state, address, num_bath, num_bed, car_space) VALUES (80, 0, 0.0, 1, 1289000.0, "Staten Island", "New York", "781 Wisteria Dr", 2.0, 4.0, 0);
INSERT INTO property (id, property_type_id, listing_type_id, property_status_id, price, city, state, address, num_bath, num_bed, car_space) VALUES (81, 1, NULL, 0, 16000000.0, "New York City", "New York", "6748 Locust Way", 6.0, 5.0, 1);
INSERT INTO property (id, property_type_id, listing_type_id, property_status_id, price, city, state, address, num_bath, num_bed, car_space) VALUES (82, 0, NULL, 2, 649999.0, "Staten Island", "New York", "7566 Daffodil St", 4.0, 3.0, 0);
INSERT INTO property (id, property_type_id, listing_type_id, property_status_id, price, city, state, address, num_bath, num_bed, car_space) VALUES (83, 2, NULL, 0, 1125000.0, "New York City", "New York", "8809 Maple Ln", 2.0, 2.0, 1);
INSERT INTO property (id, property_type_id, listing_type_id, property_status_id, price, city, state, address, num_bath, num_bed, car_space) VALUES (84, 1, 1.0, 1, 489900.0, "Boston", "Massachusetts", "470 Linden Dr", 2.0, 6.0, 1);
INSERT INTO property (id, property_type_id, listing_type_id, property_status_id, price, city, state, address, num_bath, num_bed, car_space) VALUES (85, 0, 1.0, 1, 249900.0, "Brooklyn", "Connecticut", "9908 Iris St", 1.0, 2.0, 0);
INSERT INTO property (id, property_type_id, listing_type_id, property_status_id, price, city, state, address, num_bath, num_bed, car_space) VALUES (86, 2, NULL, 0, 849000.0, "Bronx", "New York", "3724 Elm Dr", 3.0, 5.0, 1);
INSERT INTO property (id, property_type_id, listing_type_id, property_status_id, price, city, state, address, num_bath, num_bed, car_space) VALUES (87, 0, 1.0, 3, 925000.0, "Boston", "Massachusetts", "583 Fir Pl", 2.0, 2.0, 0);
INSERT INTO property (id, property_type_id, listing_type_id, property_status_id, price, city, state, address, num_bath, num_bed, car_space) VALUES (88, 2, NULL, 2, 2500000.0, "Brooklyn", "New York", "4802 Rose Ave", 3.0, 8.0, 1);
INSERT INTO property (id, property_type_id, listing_type_id, property_status_id, price, city, state, address, num_bath, num_bed, car_space) VALUES (89, 2, NULL, 2, 1389000.0, "Brooklyn", "New York", "266 Violet Ave", 2.0, 4.0, 1);
INSERT INTO property (id, property_type_id, listing_type_id, property_status_id, price, city, state, address, num_bath, num_bed, car_space) VALUES (90, 1, NULL, 0, 799000.0, "Boston", "Massachusetts", "1309 Peony Way", 2.0, 3.0, 1);
INSERT INTO property (id, property_type_id, listing_type_id, property_status_id, price, city, state, address, num_bath, num_bed, car_space) VALUES (91, 2, NULL, 2, 109900.0, "Albany", "New York", "9954 Aspen Way", 2.0, 4.0, 1);
INSERT INTO property (id, property_type_id, listing_type_id, property_status_id, price, city, state, address, num_bath, num_bed, car_space) VALUES (92, 2, NULL, 2, 1235000.0, "Boston", "Massachusetts", "4377 Dahlia Dr", 3.0, 3.0, 1);
INSERT INTO property (id, property_type_id, listing_type_id, property_status_id, price, city, state, address, num_bath, num_bed, car_space) VALUES (93, 0, NULL, 2, 1099000.0, "Staten Island", "New York", "9222 Magnolia Ct", 4.0, 4.0, 0);
INSERT INTO property (id, property_type_id, listing_type_id, property_status_id, price, city, state, address, num_bath, num_bed, car_space) VALUES (94, 0, 0.0, 3, 1195000.0, "New York City", "New York", "7249 Hyacinth Ave", 3.0, 6.0, 0);
INSERT INTO property (id, property_type_id, listing_type_id, property_status_id, price, city, state, address, num_bath, num_bed, car_space) VALUES (95, 2, 1.0, 1, 999000.0, "Bronx", "New York", "9323 Wisteria Dr", 4.0, 3.0, 1);
INSERT INTO property (id, property_type_id, listing_type_id, property_status_id, price, city, state, address, num_bath, num_bed, car_space) VALUES (96, 2, NULL, 2, 249900.0, "Schenectady", "New York", "9043 Wisteria Blvd", 1.0, 3.0, 1);
INSERT INTO property (id, property_type_id, listing_type_id, property_status_id, price, city, state, address, num_bath, num_bed, car_space) VALUES (97, 0, 0.0, 1, 949000.0, "Brooklyn", "New York", "7716 Lilac Blvd", 2.0, 6.0, 0);
INSERT INTO property (id, property_type_id, listing_type_id, property_status_id, price, city, state, address, num_bath, num_bed, car_space) VALUES (98, 2, NULL, 0, 319900.0, "Philadelphia", "Pennsylvania", "3568 Sage St", 2.0, 3.0, 1);
INSERT INTO property (id, property_type_id, listing_type_id, property_status_id, price, city, state, address, num_bath, num_bed, car_space) VALUES (99, 2, 0.0, 3, 229900.0, "Albany", "New York", "4209 Palm Rd", 2.0, 3.0, 1);
INSERT INTO property (id, property_type_id, listing_type_id, property_status_id, price, city, state, address, num_bath, num_bed, car_space) VALUES (100, 2, NULL, 2, 799000.0, "Staten Island", "New York", "143 Ivy Blvd", 5.0, 4.0, 1);
INSERT INTO property (id, property_type_id, listing_type_id, property_status_id, price, city, state, address, num_bath, num_bed, car_space) VALUES (101, 2, NULL, 0, 95000.0, "Syracuse", "New York", "6552 Lilac Ave", 2.0, 3.0, 1);
INSERT INTO property (id, property_type_id, listing_type_id, property_status_id, price, city, state, address, num_bath, num_bed, car_space) VALUES (102, 0, NULL, 2, 90000.0, "Albany", "New York", "8366 Tulip Blvd", 2.0, 4.0, 0);
INSERT INTO property (id, property_type_id, listing_type_id, property_status_id, price, city, state, address, num_bath, num_bed, car_space) VALUES (103, 1, NULL, 0, 1400000.0, "New York City", "New York", "6486 Iris Blvd", 1.0, 1.0, 1);
INSERT INTO property (id, property_type_id, listing_type_id, property_status_id, price, city, state, address, num_bath, num_bed, car_space) VALUES (104, 2, NULL, 2, 1250000.0, "Bronx", "New York", "9550 Daffodil Dr", 6.0, 9.0, 1);
INSERT INTO property (id, property_type_id, listing_type_id, property_status_id, price, city, state, address, num_bath, num_bed, car_space) VALUES (105, 1, NULL, 0, 969000.0, "Bronx", "New York", "3859 Juniper Pl", 6.0, 9.0, 1);
INSERT INTO property (id, property_type_id, listing_type_id, property_status_id, price, city, state, address, num_bath, num_bed, car_space) VALUES (106, 0, NULL, 2, 99900.0, "Syracuse", "New York", "396 Redwood Ct", 1.0, 2.0, 0);
INSERT INTO property (id, property_type_id, listing_type_id, property_status_id, price, city, state, address, num_bath, num_bed, car_space) VALUES (107, 0, NULL, 2, 215000.0, "Philadelphia", "Pennsylvania", "1926 Carnation Dr", 2.0, 4.0, 0);
INSERT INTO property (id, property_type_id, listing_type_id, property_status_id, price, city, state, address, num_bath, num_bed, car_space) VALUES (108, 0, NULL, 2, 729000.0, "Boston", "Massachusetts", "3242 Cherry Dr", 2.0, 3.0, 0);
INSERT INTO property (id, property_type_id, listing_type_id, property_status_id, price, city, state, address, num_bath, num_bed, car_space) VALUES (109, 2, NULL, 0, 2450000.0, "Brooklyn", "New York", "2370 Zinnia Ave", 3.0, 6.0, 1);
INSERT INTO property (id, property_type_id, listing_type_id, property_status_id, price, city, state, address, num_bath, num_bed, car_space) VALUES (110, 0, NULL, 2, 869999.0, "Bronx", "New York", "7532 Zinnia Dr", 2.0, 6.0, 0);
INSERT INTO property (id, property_type_id, listing_type_id, property_status_id, price, city, state, address, num_bath, num_bed, car_space) VALUES (111, 2, 1.0, 1, 169900.0, "Schenectady", "New York", "5877 Cactus Pl", 2.0, 5.0, 1);
INSERT INTO property (id, property_type_id, listing_type_id, property_status_id, price, city, state, address, num_bath, num_bed, car_space) VALUES (112, 2, NULL, 2, 800000.0, "Bronx", "New York", "8610 Carnation Dr", 2.0, 5.0, 1);
INSERT INTO property (id, property_type_id, listing_type_id, property_status_id, price, city, state, address, num_bath, num_bed, car_space) VALUES (113, 0, NULL, 2, 139500.0, "Syracuse", "New York", "5624 Carnation Way", 2.0, 3.0, 0);
INSERT INTO property (id, property_type_id, listing_type_id, property_status_id, price, city, state, address, num_bath, num_bed, car_space) VALUES (114, 2, 1.0, 1, 17500000.0, "New York City", "New York", "4939 Daffodil Dr", 7.0, 6.0, 1);
INSERT INTO property (id, property_type_id, listing_type_id, property_status_id, price, city, state, address, num_bath, num_bed, car_space) VALUES (115, 0, 1.0, 3, 589900.0, "Boston", "Massachusetts", "9973 Lily Ave", 2.0, 2.0, 0);
INSERT INTO property (id, property_type_id, listing_type_id, property_status_id, price, city, state, address, num_bath, num_bed, car_space) VALUES (116, 2, NULL, 0, 525000.0, "Bronx", "New York", "4133 Palm Rd", 1.0, 4.0, 1);
INSERT INTO property (id, property_type_id, listing_type_id, property_status_id, price, city, state, address, num_bath, num_bed, car_space) VALUES (117, 2, NULL, 2, 1500000.0, "Brooklyn", "New York", "3159 Wisteria Dr", 3.0, 3.0, 1);
INSERT INTO property (id, property_type_id, listing_type_id, property_status_id, price, city, state, address, num_bath, num_bed, car_space) VALUES (118, 2, NULL, 2, 685000.0, "New York City", "New York", "1796 Carnation Blvd", 1.0, 1.0, 1);
INSERT INTO property (id, property_type_id, listing_type_id, property_status_id, price, city, state, address, num_bath, num_bed, car_space) VALUES (119, 2, NULL, 2, 1099000.0, "Boston", "Massachusetts", "9609 Sage St", 1.0, 2.0, 1);
INSERT INTO property (id, property_type_id, listing_type_id, property_status_id, price, city, state, address, num_bath, num_bed, car_space) VALUES (120, 1, 0.0, 1, 259900.0, "Philadelphia", "Pennsylvania", "1222 Lilac Ave", 1.0, 3.0, 1);
INSERT INTO property (id, property_type_id, listing_type_id, property_status_id, price, city, state, address, num_bath, num_bed, car_space) VALUES (121, 0, NULL, 0, 330000.0, "Albany", "New York", "9172 Redwood Ct", 3.0, 8.0, 0);
INSERT INTO property (id, property_type_id, listing_type_id, property_status_id, price, city, state, address, num_bath, num_bed, car_space) VALUES (122, 2, NULL, 0, 145000.0, "Schenectady", "New York", "6818 Carnation Way", 2.0, 6.0, 1);
INSERT INTO property (id, property_type_id, listing_type_id, property_status_id, price, city, state, address, num_bath, num_bed, car_space) VALUES (123, 0, 0.0, 1, 849999.0, "Staten Island", "New York", "8594 Daisy Ln", 3.0, 9.0, 0);
INSERT INTO property (id, property_type_id, listing_type_id, property_status_id, price, city, state, address, num_bath, num_bed, car_space) VALUES (124, 2, NULL, 0, 2400000.0, "Boston", "Massachusetts", "665 Walnut Rd", 3.0, 4.0, 1);
INSERT INTO property (id, property_type_id, listing_type_id, property_status_id, price, city, state, address, num_bath, num_bed, car_space) VALUES (125, 1, NULL, 2, 899000.0, "Boston", "Massachusetts", "5469 Petunia Ave", 3.0, 4.0, 1);
INSERT INTO property (id, property_type_id, listing_type_id, property_status_id, price, city, state, address, num_bath, num_bed, car_space) VALUES (126, 0, 1.0, 3, 1500000.0, "Brooklyn", "New York", "9980 Iris Rd", 3.0, 4.0, 0);
INSERT INTO property (id, property_type_id, listing_type_id, property_status_id, price, city, state, address, num_bath, num_bed, car_space) VALUES (127, 2, NULL, 2, 1198000.0, "Brooklyn", "New York", "8530 Sunflower Ave", 2.0, 3.0, 1);
INSERT INTO property (id, property_type_id, listing_type_id, property_status_id, price, city, state, address, num_bath, num_bed, car_space) VALUES (128, 2, NULL, 0, 564999.0, "Staten Island", "New York", "4320 Hyacinth Pl", 2.0, 3.0, 1);
INSERT INTO property (id, property_type_id, listing_type_id, property_status_id, price, city, state, address, num_bath, num_bed, car_space) VALUES (129, 0, 1.0, 3, 279000.0, "Kingston", "New York", "5950 Pine Rd", 2.0, 4.0, 0);
INSERT INTO property (id, property_type_id, listing_type_id, property_status_id, price, city, state, address, num_bath, num_bed, car_space) VALUES (130, 2, NULL, 2, 675000.0, "Boston", "Massachusetts", "9817 Oak Blvd", 2.0, 2.0, 1);
INSERT INTO property (id, property_type_id, listing_type_id, property_status_id, price, city, state, address, num_bath, num_bed, car_space) VALUES (131, 0, 0.0, 3, 265000.0, "Schenectady", "New York", "7392 Willow Way", 3.0, 4.0, 0);
INSERT INTO property (id, property_type_id, listing_type_id, property_status_id, price, city, state, address, num_bath, num_bed, car_space) VALUES (132, 2, NULL, 2, 249000.0, "Kingston", "New York", "2879 Locust Way", 2.0, 3.0, 1);
INSERT INTO property (id, property_type_id, listing_type_id, property_status_id, price, city, state, address, num_bath, num_bed, car_space) VALUES (133, 0, 0.0, 1, 849000.0, "Boston", "Massachusetts", "9889 Peony Dr", 2.0, 2.0, 0);
INSERT INTO property (id, property_type_id, listing_type_id, property_status_id, price, city, state, address, num_bath, num_bed, car_space) VALUES (134, 1, 1.0, 1, 699000.0, "Staten Island", "New York", "7420 Petunia Ave", 3.0, 4.0, 1);
INSERT INTO property (id, property_type_id, listing_type_id, property_status_id, price, city, state, address, num_bath, num_bed, car_space) VALUES (135, 0, NULL, 2, 699000.0, "Boston", "Massachusetts", "9242 Wisteria Dr", 2.0, 2.0, 0);
INSERT INTO property (id, property_type_id, listing_type_id, property_status_id, price, city, state, address, num_bath, num_bed, car_space) VALUES (136, 0, NULL, 2, 360000.0, "Kingston", "New York", "4610 Peony Blvd", 2.0, 4.0, 0);
INSERT INTO property (id, property_type_id, listing_type_id, property_status_id, price, city, state, address, num_bath, num_bed, car_space) VALUES (137, 2, NULL, 2, 538000.0, "Brooklyn", "New York", "5052 Hyacinth Dr", 1.0, 3.0, 1);
INSERT INTO property (id, property_type_id, listing_type_id, property_status_id, price, city, state, address, num_bath, num_bed, car_space) VALUES (138, 0, 1.0, 3, 849000.0, "Brooklyn", "New York", "9988 Lilac Dr", 2.0, 3.0, 0);
INSERT INTO property (id, property_type_id, listing_type_id, property_status_id, price, city, state, address, num_bath, num_bed, car_space) VALUES (139, 1, NULL, 2, 1899000.0, "Brooklyn", "New York", "3713 Hyacinth Dr", 3.0, 5.0, 1);
INSERT INTO property (id, property_type_id, listing_type_id, property_status_id, price, city, state, address, num_bath, num_bed, car_space) VALUES (140, 0, NULL, 2, 799000.0, "Staten Island", "New York", "1499 Marigold St", 3.0, 4.0, 0);
INSERT INTO property (id, property_type_id, listing_type_id, property_status_id, price, city, state, address, num_bath, num_bed, car_space) VALUES (141, 0, NULL, 2, 469900.0, "Philadelphia", "Pennsylvania", "7149 Lilac Blvd", 3.0, 4.0, 0);
INSERT INTO property (id, property_type_id, listing_type_id, property_status_id, price, city, state, address, num_bath, num_bed, car_space) VALUES (142, 2, NULL, 2, 525000.0, "Boston", "Massachusetts", "634 Dahlia Blvd", 2.0, 3.0, 1);
INSERT INTO property (id, property_type_id, listing_type_id, property_status_id, price, city, state, address, num_bath, num_bed, car_space) VALUES (143, 2, NULL, 0, 599900.0, "Staten Island", "New York", "1143 Hazel Ln", 3.0, 3.0, 1);
INSERT INTO property (id, property_type_id, listing_type_id, property_status_id, price, city, state, address, num_bath, num_bed, car_space) VALUES (144, 0, 0.0, 3, 210000.0, "Philadelphia", "Pennsylvania", "7289 Marigold Dr", 2.0, 3.0, 0);
INSERT INTO property (id, property_type_id, listing_type_id, property_status_id, price, city, state, address, num_bath, num_bed, car_space) VALUES (145, 0, NULL, 0, 275000.0, "Philadelphia", "Pennsylvania", "1169 Petunia Blvd", 1.0, 2.0, 0);
INSERT INTO property (id, property_type_id, listing_type_id, property_status_id, price, city, state, address, num_bath, num_bed, car_space) VALUES (146, 2, NULL, 0, 149900.0, "Syracuse", "New York", "3692 Tulip Dr", 1.0, 3.0, 1);
INSERT INTO property (id, property_type_id, listing_type_id, property_status_id, price, city, state, address, num_bath, num_bed, car_space) VALUES (147, 0, NULL, 0, 159900.0, "Schenectady", "New York", "3377 Zinnia St", 2.0, 3.0, 0);
INSERT INTO property (id, property_type_id, listing_type_id, property_status_id, price, city, state, address, num_bath, num_bed, car_space) VALUES (148, 1, NULL, 0, 1250000.0, "Brooklyn", "New York", "8335 Hyacinth Ave", 2.0, 3.0, 1);
INSERT INTO property (id, property_type_id, listing_type_id, property_status_id, price, city, state, address, num_bath, num_bed, car_space) VALUES (149, 2, NULL, 0, 270000.0, "Philadelphia", "Pennsylvania", "9487 Violet Ave", 2.0, 3.0, 1);
INSERT INTO property (id, property_type_id, listing_type_id, property_status_id, price, city, state, address, num_bath, num_bed, car_space) VALUES (150, 2, 0.0, 1, 630000.0, "Brooklyn", "New York", "2160 Violet Ln", 2.0, 4.0, 1);
INSERT INTO property (id, property_type_id, listing_type_id, property_status_id, price, city, state, address, num_bath, num_bed, car_space) VALUES (151, 1, NULL, 0, 425000.0, "Philadelphia", "Pennsylvania", "4745 Marigold Dr", 2.0, 3.0, 1);
INSERT INTO property (id, property_type_id, listing_type_id, property_status_id, price, city, state, address, num_bath, num_bed, car_space) VALUES (152, 0, NULL, 0, 1399000.0, "Boston", "Massachusetts", "413 Wisteria Ave", 4.0, 7.0, 0);
INSERT INTO property (id, property_type_id, listing_type_id, property_status_id, price, city, state, address, num_bath, num_bed, car_space) VALUES (153, 2, NULL, 0, 230000.0, "Philadelphia", "Pennsylvania", "5882 Lily Blvd", 1.0, 3.0, 1);
INSERT INTO property (id, property_type_id, listing_type_id, property_status_id, price, city, state, address, num_bath, num_bed, car_space) VALUES (154, 2, NULL, 2, 279900.0, "Syracuse", "New York", "9409 Poplar Rd", 4.0, 5.0, 1);
INSERT INTO property (id, property_type_id, listing_type_id, property_status_id, price, city, state, address, num_bath, num_bed, car_space) VALUES (155, 0, 1.0, 1, 625000.0, "Staten Island", "New York", "1683 Lily Rd", 3.0, 3.0, 0);
INSERT INTO property (id, property_type_id, listing_type_id, property_status_id, price, city, state, address, num_bath, num_bed, car_space) VALUES (156, 0, NULL, 2, 240000.0, "Bronx", "New York", "409 Cedar Ct", 1.0, 2.0, 0);
INSERT INTO property (id, property_type_id, listing_type_id, property_status_id, price, city, state, address, num_bath, num_bed, car_space) VALUES (157, 2, NULL, 0, 279000.0, "Kingston", "New York", "7170 Lily Blvd", 2.0, 3.0, 1);
INSERT INTO property (id, property_type_id, listing_type_id, property_status_id, price, city, state, address, num_bath, num_bed, car_space) VALUES (158, 1, NULL, 0, 649000.0, "Bronx", "New York", "869 Petunia Ave", 2.0, 3.0, 1);
INSERT INTO property (id, property_type_id, listing_type_id, property_status_id, price, city, state, address, num_bath, num_bed, car_space) VALUES (159, 2, NULL, 2, 650000.0, "Brooklyn", "New York", "8622 Redwood Ct", 2.0, 3.0, 1);
INSERT INTO property (id, property_type_id, listing_type_id, property_status_id, price, city, state, address, num_bath, num_bed, car_space) VALUES (160, 0, NULL, 2, 239000.0, "Philadelphia", "Pennsylvania", "5942 Fir Pl", 2.0, 3.0, 0);
INSERT INTO property (id, property_type_id, listing_type_id, property_status_id, price, city, state, address, num_bath, num_bed, car_space) VALUES (161, 1, NULL, 2, 399000.0, "Brooklyn", "New York", "1636 Walnut Rd", 1.0, 2.0, 1);
INSERT INTO property (id, property_type_id, listing_type_id, property_status_id, price, city, state, address, num_bath, num_bed, car_space) VALUES (162, 0, NULL, 2, 679000.0, "Boston", "Massachusetts", "4432 Marigold Ave", 1.0, 1.0, 0);
INSERT INTO property (id, property_type_id, listing_type_id, property_status_id, price, city, state, address, num_bath, num_bed, car_space) VALUES (163, 1, NULL, 2, 379000.0, "Kingston", "New York", "5172 Petunia Blvd", 2.0, 3.0, 1);
INSERT INTO property (id, property_type_id, listing_type_id, property_status_id, price, city, state, address, num_bath, num_bed, car_space) VALUES (164, 2, NULL, 2, 388000.0, "Bronx", "New York", "8820 Peony Way", 1.0, 2.0, 1);
INSERT INTO property (id, property_type_id, listing_type_id, property_status_id, price, city, state, address, num_bath, num_bed, car_space) VALUES (165, 2, NULL, 2, 1188000.0, "New York City", "New York", "555 Lilac Blvd", 2.0, 4.0, 1);
INSERT INTO property (id, property_type_id, listing_type_id, property_status_id, price, city, state, address, num_bath, num_bed, car_space) VALUES (166, 2, 1.0, 3, 549000.0, "Staten Island", "New York", "7736 Daffodil Blvd", 2.0, 3.0, 1);
INSERT INTO property (id, property_type_id, listing_type_id, property_status_id, price, city, state, address, num_bath, num_bed, car_space) VALUES (167, 0, NULL, 2, 149000.0, "Albany", "New York", "9587 Oak Blvd", 2.0, 7.0, 0);
INSERT INTO property (id, property_type_id, listing_type_id, property_status_id, price, city, state, address, num_bath, num_bed, car_space) VALUES (168, 1, NULL, 2, 619000.0, "Bronx", "New York", "3718 Zinnia Dr", 2.0, 2.0, 1);
INSERT INTO property (id, property_type_id, listing_type_id, property_status_id, price, city, state, address, num_bath, num_bed, car_space) VALUES (169, 2, 1.0, 3, 105000.0, "Kingston", "New York", "7580 Daffodil Blvd", 1.0, 4.0, 1);
INSERT INTO property (id, property_type_id, listing_type_id, property_status_id, price, city, state, address, num_bath, num_bed, car_space) VALUES (170, 2, NULL, 0, 600000.0, "Bronx", "New York", "3445 Daffodil Dr", 4.0, 5.0, 1);
INSERT INTO property (id, property_type_id, listing_type_id, property_status_id, price, city, state, address, num_bath, num_bed, car_space) VALUES (171, 0, NULL, 2, 1200000.0, "Bronx", "New York", "5057 Sunflower Ave", 5.0, 7.0, 0);
INSERT INTO property (id, property_type_id, listing_type_id, property_status_id, price, city, state, address, num_bath, num_bed, car_space) VALUES (172, 0, 1.0, 1, 124900.0, "Albany", "New York", "9985 Sunflower Ct", 2.0, 3.0, 0);
INSERT INTO property (id, property_type_id, listing_type_id, property_status_id, price, city, state, address, num_bath, num_bed, car_space) VALUES (173, 1, NULL, 0, 839000.0, "Bronx", "New York", "3057 Daffodil St", 5.0, 6.0, 1);
INSERT INTO property (id, property_type_id, listing_type_id, property_status_id, price, city, state, address, num_bath, num_bed, car_space) VALUES (174, 1, NULL, 2, 1750000.0, "New York City", "New York", "1066 Pecan Blvd", 2.0, 1.0, 1);
INSERT INTO property (id, property_type_id, listing_type_id, property_status_id, price, city, state, address, num_bath, num_bed, car_space) VALUES (175, 0, NULL, 2, 320000.0, "Kingston", "New York", "9768 Pine Rd", 2.0, 3.0, 0);
INSERT INTO property (id, property_type_id, listing_type_id, property_status_id, price, city, state, address, num_bath, num_bed, car_space) VALUES (176, 0, NULL, 0, 17000000.0, "New York City", "New York", "9965 Linden Dr", 9.0, 7.0, 0);
INSERT INTO property (id, property_type_id, listing_type_id, property_status_id, price, city, state, address, num_bath, num_bed, car_space) VALUES (177, 0, NULL, 0, 2995000.0, "New York City", "New York", "5646 Daffodil Dr", 5.0, 5.0, 0);
INSERT INTO property (id, property_type_id, listing_type_id, property_status_id, price, city, state, address, num_bath, num_bed, car_space) VALUES (178, 2, NULL, 2, 360000.0, "Syracuse", "New York", "5518 Carnation Dr", 3.0, 5.0, 1);
INSERT INTO property (id, property_type_id, listing_type_id, property_status_id, price, city, state, address, num_bath, num_bed, car_space) VALUES (179, 2, NULL, 0, 4380000.0, "Brooklyn", "New York", "6206 Hyacinth Dr", 5.0, 4.0, 1);
INSERT INTO property (id, property_type_id, listing_type_id, property_status_id, price, city, state, address, num_bath, num_bed, car_space) VALUES (180, 1, NULL, 2, 1599000.0, "Brooklyn", "New York", "9428 Lilac Ave", 6.0, 12.0, 2);
INSERT INTO property (id, property_type_id, listing_type_id, property_status_id, price, city, state, address, num_bath, num_bed, car_space) VALUES (181, 2, NULL, 2, 699000.0, "Staten Island", "New York", "7310 Wisteria Dr", 2.0, 4.0, 1);
INSERT INTO property (id, property_type_id, listing_type_id, property_status_id, price, city, state, address, num_bath, num_bed, car_space) VALUES (182, 1, NULL, 2, 699000.0, "Brooklyn", "New York", "7486 Sunflower Ct", 1.0, 4.0, 1);
INSERT INTO property (id, property_type_id, listing_type_id, property_status_id, price, city, state, address, num_bath, num_bed, car_space) VALUES (183, 2, NULL, 2, 315000.0, "Kingston", "New York", "6891 Poplar Rd", 2.0, 3.0, 1);
INSERT INTO property (id, property_type_id, listing_type_id, property_status_id, price, city, state, address, num_bath, num_bed, car_space) VALUES (184, 1, NULL, 2, 749000.0, "Staten Island", "New York", "5740 Sunflower Ct", 2.0, 3.0, 1);
INSERT INTO property (id, property_type_id, listing_type_id, property_status_id, price, city, state, address, num_bath, num_bed, car_space) VALUES (185, 1, 0.0, 1, 157000.0, "Albany", "New York", "7183 Tulip Blvd", 2.0, 3.0, 1);
INSERT INTO property (id, property_type_id, listing_type_id, property_status_id, price, city, state, address, num_bath, num_bed, car_space) VALUES (186, 2, NULL, 0, 1100000.0, "Boston", "Massachusetts", "796 Alder Blvd", 2.0, 2.0, 1);
INSERT INTO property (id, property_type_id, listing_type_id, property_status_id, price, city, state, address, num_bath, num_bed, car_space) VALUES (187, 0, NULL, 0, 849000.0, "Boston", "Massachusetts", "8907 Petunia Ave", 2.0, 3.0, 0);
INSERT INTO property (id, property_type_id, listing_type_id, property_status_id, price, city, state, address, num_bath, num_bed, car_space) VALUES (188, 0, NULL, 2, 1250000.0, "Bronx", "New York", "6164 Dahlia Dr", 4.0, 4.0, 0);
INSERT INTO property (id, property_type_id, listing_type_id, property_status_id, price, city, state, address, num_bath, num_bed, car_space) VALUES (189, 2, NULL, 0, 499000.0, "Staten Island", "New York", "359 Redwood Ct", 2.0, 2.0, 1);
INSERT INTO property (id, property_type_id, listing_type_id, property_status_id, price, city, state, address, num_bath, num_bed, car_space) VALUES (190, 0, NULL, 2, 109900.0, "Syracuse", "New York", "864 Dahlia Ave", 2.0, 3.0, 0);
INSERT INTO property (id, property_type_id, listing_type_id, property_status_id, price, city, state, address, num_bath, num_bed, car_space) VALUES (191, 2, NULL, 2, 1095000.0, "Boston", "Massachusetts", "3253 Elm Dr", 2.0, 2.0, 1);
INSERT INTO property (id, property_type_id, listing_type_id, property_status_id, price, city, state, address, num_bath, num_bed, car_space) VALUES (192, 2, NULL, 2, 525000.0, "New York City", "New York", "1315 Azalea Blvd", 1.0, 1.0, 1);
INSERT INTO property (id, property_type_id, listing_type_id, property_status_id, price, city, state, address, num_bath, num_bed, car_space) VALUES (193, 0, NULL, 2, 35000.0, "Schenectady", "New York", "3036 Hyacinth Dr", 2.0, 4.0, 0);
INSERT INTO property (id, property_type_id, listing_type_id, property_status_id, price, city, state, address, num_bath, num_bed, car_space) VALUES (194, 0, NULL, 0, 1090000.0, "Brooklyn", "New York", "1642 Dahlia Blvd", 3.0, 4.0, 0);
INSERT INTO property (id, property_type_id, listing_type_id, property_status_id, price, city, state, address, num_bath, num_bed, car_space) VALUES (195, 2, NULL, 0, 574900.0, "Boston", "Massachusetts", "6468 Elm Dr", 3.0, 4.0, 1);
INSERT INTO property (id, property_type_id, listing_type_id, property_status_id, price, city, state, address, num_bath, num_bed, car_space) VALUES (196, 2, NULL, 0, 489900.0, "Boston", "Massachusetts", "3399 Peony Blvd", 2.0, 6.0, 2);
INSERT INTO property (id, property_type_id, listing_type_id, property_status_id, price, city, state, address, num_bath, num_bed, car_space) VALUES (197, 2, NULL, 0, 224999.0, "Philadelphia", "Pennsylvania", "5634 Carnation Way", 2.0, 4.0, 1);
INSERT INTO property (id, property_type_id, listing_type_id, property_status_id, price, city, state, address, num_bath, num_bed, car_space) VALUES (198, 2, NULL, 2, 1800000.0, "New York City", "New York", "4790 Spruce Ave", 2.0, 3.0, 1);
INSERT INTO property (id, property_type_id, listing_type_id, property_status_id, price, city, state, address, num_bath, num_bed, car_space) VALUES (199, 2, NULL, 2, 295550.0, "Boston", "Massachusetts", "1270 Pecan Blvd", 1.0, 1.0, 1);
INSERT INTO property (id, property_type_id, listing_type_id, property_status_id, price, city, state, address, num_bath, num_bed, car_space) VALUES (200, 0, NULL, 2, 150000.0, "Philadelphia", "Pennsylvania", "1826 Zinnia Ave", 1.0, 2.0, 0);
INSERT INTO property (id, property_type_id, listing_type_id, property_status_id, price, city, state, address, num_bath, num_bed, car_space) VALUES (201, 0, NULL, 2, 659000.0, "Staten Island", "New York", "4271 Violet Ave", 3.0, 4.0, 0);
INSERT INTO property (id, property_type_id, listing_type_id, property_status_id, price, city, state, address, num_bath, num_bed, car_space) VALUES (202, 0, NULL, 2, 890000.0, "Bronx", "New York", "3310 Redwood Ct", 3.0, 7.0, 0);
INSERT INTO property (id, property_type_id, listing_type_id, property_status_id, price, city, state, address, num_bath, num_bed, car_space) VALUES (203, 1, NULL, 2, 209900.0, "Albany", "New York", "4494 Petunia Ave", 2.0, 6.0, 1);
INSERT INTO property (id, property_type_id, listing_type_id, property_status_id, price, city, state, address, num_bath, num_bed, car_space) VALUES (204, 2, NULL, 2, 689900.0, "Bronx", "New York", "3248 Tulip Blvd", 2.0, 4.0, 1);
INSERT INTO property (id, property_type_id, listing_type_id, property_status_id, price, city, state, address, num_bath, num_bed, car_space) VALUES (205, 0, NULL, 0, 765000.0, "New York City", "New York", "8339 Daffodil St", 2.0, 2.0, 0);
INSERT INTO property (id, property_type_id, listing_type_id, property_status_id, price, city, state, address, num_bath, num_bed, car_space) VALUES (206, 2, NULL, 2, 699000.0, "Bronx", "New York", "742 Marigold Dr", 3.0, 3.0, 1);
INSERT INTO property (id, property_type_id, listing_type_id, property_status_id, price, city, state, address, num_bath, num_bed, car_space) VALUES (207, 2, NULL, 0, 480000.0, "Staten Island", "New York", "4953 Wisteria Dr", 2.0, 2.0, 1);
INSERT INTO property (id, property_type_id, listing_type_id, property_status_id, price, city, state, address, num_bath, num_bed, car_space) VALUES (208, 0, NULL, 2, 289900.0, "Albany", "New York", "7984 Aspen Way", 2.0, 5.0, 0);
INSERT INTO property (id, property_type_id, listing_type_id, property_status_id, price, city, state, address, num_bath, num_bed, car_space) VALUES (209, 2, 0.0, 3, 177900.0, "Albany", "New York", "8725 Mimosa St", 2.0, 3.0, 1);
INSERT INTO property (id, property_type_id, listing_type_id, property_status_id, price, city, state, address, num_bath, num_bed, car_space) VALUES (210, 0, NULL, 2, 1500000.0, "Brooklyn", "New York", "577 Cactus Pl", 3.0, 4.0, 0);
INSERT INTO property (id, property_type_id, listing_type_id, property_status_id, price, city, state, address, num_bath, num_bed, car_space) VALUES (211, 2, NULL, 2, 399000.0, "Boston", "Massachusetts", "5711 Fir Pl", 1.0, 1.0, 1);
INSERT INTO property (id, property_type_id, listing_type_id, property_status_id, price, city, state, address, num_bath, num_bed, car_space) VALUES (212, 1, NULL, 2, 209900.0, "Schenectady", "New York", "1373 Azalea Way", 2.0, 8.0, 2);
INSERT INTO property (id, property_type_id, listing_type_id, property_status_id, price, city, state, address, num_bath, num_bed, car_space) VALUES (213, 0, NULL, 2, 999000.0, "Bronx", "New York", "6737 Cottonwood Blvd", 4.0, 3.0, 0);
INSERT INTO property (id, property_type_id, listing_type_id, property_status_id, price, city, state, address, num_bath, num_bed, car_space) VALUES (214, 2, NULL, 0, 1100000.0, "Bronx", "New York", "4519 Tulip Dr", 4.0, 9.0, 2);
INSERT INTO property (id, property_type_id, listing_type_id, property_status_id, price, city, state, address, num_bath, num_bed, car_space) VALUES (215, 1, NULL, 2, 605000.0, "Staten Island", "New York", "858 Pecan Blvd", 2.0, 2.0, 1);
INSERT INTO property (id, property_type_id, listing_type_id, property_status_id, price, city, state, address, num_bath, num_bed, car_space) VALUES (216, 1, NULL, 0, 898000.0, "Staten Island", "New York", "4838 Azalea Blvd", 3.0, 4.0, 1);
INSERT INTO property (id, property_type_id, listing_type_id, property_status_id, price, city, state, address, num_bath, num_bed, car_space) VALUES (217, 2, NULL, 2, 899000.0, "Boston", "Massachusetts", "2859 Wisteria Ave", 2.0, 1.0, 1);
INSERT INTO property (id, property_type_id, listing_type_id, property_status_id, price, city, state, address, num_bath, num_bed, car_space) VALUES (218, 0, NULL, 2, 949000.0, "Bronx", "New York", "9186 Willow Way", 2.0, 6.0, 0);
INSERT INTO property (id, property_type_id, listing_type_id, property_status_id, price, city, state, address, num_bath, num_bed, car_space) VALUES (219, 2, NULL, 0, 1595000.0, "Bronx", "New York", "4912 Oak Blvd", 6.0, 9.0, 3);
INSERT INTO property (id, property_type_id, listing_type_id, property_status_id, price, city, state, address, num_bath, num_bed, car_space) VALUES (220, 2, NULL, 2, 509999.0, "Brooklyn", "New York", "8730 Fir Pl", 2.0, 2.0, 1);
INSERT INTO property (id, property_type_id, listing_type_id, property_status_id, price, city, state, address, num_bath, num_bed, car_space) VALUES (221, 0, NULL, 0, 250000.0, "Philadelphia", "Pennsylvania", "9386 Bamboo Ave", 2.0, 3.0, 0);
INSERT INTO property (id, property_type_id, listing_type_id, property_status_id, price, city, state, address, num_bath, num_bed, car_space) VALUES (222, 0, NULL, 2, 435000.0, "Philadelphia", "Pennsylvania", "2163 Petunia Ave", 5.0, 9.0, 0);
INSERT INTO property (id, property_type_id, listing_type_id, property_status_id, price, city, state, address, num_bath, num_bed, car_space) VALUES (223, 0, 0.0, 1, 265000.0, "Philadelphia", "Pennsylvania", "8691 Iris Rd", 3.0, 5.0, 0);
INSERT INTO property (id, property_type_id, listing_type_id, property_status_id, price, city, state, address, num_bath, num_bed, car_space) VALUES (224, 1, 1.0, 3, 650000.0, "Philadelphia", "Pennsylvania", "4084 Tulip Ave", 5.0, 9.0, 1);
INSERT INTO property (id, property_type_id, listing_type_id, property_status_id, price, city, state, address, num_bath, num_bed, car_space) VALUES (225, 0, 1.0, 1, 569000.0, "Boston", "Massachusetts", "9639 Dahlia Blvd", 1.0, 1.0, 0);
INSERT INTO property (id, property_type_id, listing_type_id, property_status_id, price, city, state, address, num_bath, num_bed, car_space) VALUES (226, 2, NULL, 2, 249900.0, "Philadelphia", "Pennsylvania", "3007 Mimosa St", 3.0, 4.0, 1);
INSERT INTO property (id, property_type_id, listing_type_id, property_status_id, price, city, state, address, num_bath, num_bed, car_space) VALUES (227, 2, NULL, 0, 599000.0, "New York City", "New York", "5952 Azalea Way", 2.0, 2.0, 1);
INSERT INTO property (id, property_type_id, listing_type_id, property_status_id, price, city, state, address, num_bath, num_bed, car_space) VALUES (228, 2, 0.0, 3, 499999.0, "Staten Island", "New York", "4942 Daisy Blvd", 3.0, 3.0, 1);
INSERT INTO property (id, property_type_id, listing_type_id, property_status_id, price, city, state, address, num_bath, num_bed, car_space) VALUES (229, 1, NULL, 0, 1325000.0, "Brooklyn", "New York", "767 Carnation Way", 2.0, 5.0, 1);
INSERT INTO property (id, property_type_id, listing_type_id, property_status_id, price, city, state, address, num_bath, num_bed, car_space) VALUES (230, 0, 1.0, 1, 1349000.0, "Brooklyn", "New York", "4899 Wisteria Ave", 2.0, 5.0, 0);
INSERT INTO property (id, property_type_id, listing_type_id, property_status_id, price, city, state, address, num_bath, num_bed, car_space) VALUES (231, 2, NULL, 2, 1599000.0, "Brooklyn", "New York", "8816 Sunflower Ct", 6.0, 12.0, 4);
INSERT INTO property (id, property_type_id, listing_type_id, property_status_id, price, city, state, address, num_bath, num_bed, car_space) VALUES (232, 0, NULL, 2, 799000.0, "Bronx", "New York", "2633 Carnation Way", 3.0, 6.0, 0);
INSERT INTO property (id, property_type_id, listing_type_id, property_status_id, price, city, state, address, num_bath, num_bed, car_space) VALUES (233, 0, NULL, 0, 648000.0, "Staten Island", "New York", "4944 Azalea Dr", 3.0, 3.0, 0);
INSERT INTO property (id, property_type_id, listing_type_id, property_status_id, price, city, state, address, num_bath, num_bed, car_space) VALUES (234, 2, 0.0, 3, 245000.0, "Albany", "New York", "2738 Hyacinth Ave", 2.0, 6.0, 1);
INSERT INTO property (id, property_type_id, listing_type_id, property_status_id, price, city, state, address, num_bath, num_bed, car_space) VALUES (235, 1, NULL, 2, 949000.0, "Staten Island", "New York", "3145 Azalea Way", 3.0, 5.0, 1);
INSERT INTO property (id, property_type_id, listing_type_id, property_status_id, price, city, state, address, num_bath, num_bed, car_space) VALUES (236, 2, NULL, 0, 1085000.0, "Boston", "Massachusetts", "7048 Iris St", 3.0, 6.0, 1);
INSERT INTO property (id, property_type_id, listing_type_id, property_status_id, price, city, state, address, num_bath, num_bed, car_space) VALUES (237, 2, NULL, 0, 450000.0, "Boston", "Massachusetts", "145 Azalea Dr", 2.0, 2.0, 1);
INSERT INTO property (id, property_type_id, listing_type_id, property_status_id, price, city, state, address, num_bath, num_bed, car_space) VALUES (238, 0, NULL, 2, 2250000.0, "New York City", "New York", "9753 Hazel Ln", 2.0, 2.0, 0);
INSERT INTO property (id, property_type_id, listing_type_id, property_status_id, price, city, state, address, num_bath, num_bed, car_space) VALUES (239, 2, NULL, 2, 101000.0, "Kingston", "New York", "6502 Sunflower Ct", 2.0, 3.0, 1);
INSERT INTO property (id, property_type_id, listing_type_id, property_status_id, price, city, state, address, num_bath, num_bed, car_space) VALUES (240, 2, NULL, 2, 605000.0, "Staten Island", "New York", "7046 Zinnia St", 2.0, 2.0, 1);
INSERT INTO property (id, property_type_id, listing_type_id, property_status_id, price, city, state, address, num_bath, num_bed, car_space) VALUES (241, 0, NULL, 2, 458000.0, "Staten Island", "New York", "2192 Palm Rd", 2.0, 2.0, 0);
INSERT INTO property (id, property_type_id, listing_type_id, property_status_id, price, city, state, address, num_bath, num_bed, car_space) VALUES (242, 2, 1.0, 3, 249900.0, "Schenectady", "New York", "2174 Wisteria Ave", 2.0, 4.0, 1);
INSERT INTO property (id, property_type_id, listing_type_id, property_status_id, price, city, state, address, num_bath, num_bed, car_space) VALUES (243, 0, NULL, 0, 669900.0, "Staten Island", "New York", "489 Marigold Dr", 2.0, 2.0, 0);
INSERT INTO property (id, property_type_id, listing_type_id, property_status_id, price, city, state, address, num_bath, num_bed, car_space) VALUES (244, 2, NULL, 2, 669888.0, "Staten Island", "New York", "2251 Peony Blvd", 2.0, 3.0, 1);
INSERT INTO property (id, property_type_id, listing_type_id, property_status_id, price, city, state, address, num_bath, num_bed, car_space) VALUES (245, 2, NULL, 2, 3250000.0, "New York City", "New York", "6260 Tulip Rd", 6.0, 6.0, 1);
INSERT INTO property (id, property_type_id, listing_type_id, property_status_id, price, city, state, address, num_bath, num_bed, car_space) VALUES (246, 1, 1.0, 3, 1350000.0, "Bronx", "New York", "580 Daisy Ln", 3.0, 5.0, 1);
INSERT INTO property (id, property_type_id, listing_type_id, property_status_id, price, city, state, address, num_bath, num_bed, car_space) VALUES (247, 0, NULL, 2, 1900000.0, "Brooklyn", "New York", "9935 Sage St", 3.0, 3.0, 0);
INSERT INTO property (id, property_type_id, listing_type_id, property_status_id, price, city, state, address, num_bath, num_bed, car_space) VALUES (248, 0, NULL, 2, 929000.0, "Boston", "Massachusetts", "321 Dahlia Dr", 1.0, 1.0, 0);
INSERT INTO property (id, property_type_id, listing_type_id, property_status_id, price, city, state, address, num_bath, num_bed, car_space) VALUES (249, 1, NULL, 0, 9500000.0, "New York City", "New York", "513 Rose Ave", 7.0, 5.0, 2);
INSERT INTO property (id, property_type_id, listing_type_id, property_status_id, price, city, state, address, num_bath, num_bed, car_space) VALUES (250, 1, 1.0, 3, 225000.0, "Brooklyn", "Connecticut", "1539 Willow Way", 1.0, 4.0, 1);
INSERT INTO property (id, property_type_id, listing_type_id, property_status_id, price, city, state, address, num_bath, num_bed, car_space) VALUES (251, 2, NULL, 0, 279000.0, "Schenectady", "New York", "7087 Daisy Ln", 2.0, 2.0, 1);
INSERT INTO property (id, property_type_id, listing_type_id, property_status_id, price, city, state, address, num_bath, num_bed, car_space) VALUES (252, 2, 0.0, 1, 149800.0, "Schenectady", "New York", "7030 Azalea Way", 1.0, 2.0, 1);
INSERT INTO property (id, property_type_id, listing_type_id, property_status_id, price, city, state, address, num_bath, num_bed, car_space) VALUES (253, 1, NULL, 2, 948000.0, "Bronx", "New York", "3316 Iris Rd", 4.0, 6.0, 2);
INSERT INTO property (id, property_type_id, listing_type_id, property_status_id, price, city, state, address, num_bath, num_bed, car_space) VALUES (254, 2, NULL, 0, 780000.0, "Bronx", "New York", "8516 Spruce Ave", 3.0, 7.0, 2);
INSERT INTO property (id, property_type_id, listing_type_id, property_status_id, price, city, state, address, num_bath, num_bed, car_space) VALUES (255, 1, NULL, 2, 219900.0, "Schenectady", "New York", "9732 Daisy Blvd", 2.0, 7.0, 1);
INSERT INTO property (id, property_type_id, listing_type_id, property_status_id, price, city, state, address, num_bath, num_bed, car_space) VALUES (256, 1, NULL, 0, 725000.0, "Bronx", "New York", "1456 Dahlia Blvd", 1.0, 3.0, 1);
INSERT INTO property (id, property_type_id, listing_type_id, property_status_id, price, city, state, address, num_bath, num_bed, car_space) VALUES (257, 0, NULL, 2, 1200000.0, "Brooklyn", "New York", "8595 Oak Blvd", 3.0, 6.0, 0);
INSERT INTO property (id, property_type_id, listing_type_id, property_status_id, price, city, state, address, num_bath, num_bed, car_space) VALUES (258, 0, NULL, 2, 121000.0, "Albany", "New York", "9137 Daffodil Dr", 2.0, 6.0, 0);
INSERT INTO property (id, property_type_id, listing_type_id, property_status_id, price, city, state, address, num_bath, num_bed, car_space) VALUES (259, 0, NULL, 2, 539000.0, "Albany", "New York", "8265 Rose Ave", 5.0, 5.0, 0);
INSERT INTO property (id, property_type_id, listing_type_id, property_status_id, price, city, state, address, num_bath, num_bed, car_space) VALUES (260, 2, NULL, 2, 780000.0, "Bronx", "New York", "9776 Violet Way", 3.0, 7.0, 2);
INSERT INTO property (id, property_type_id, listing_type_id, property_status_id, price, city, state, address, num_bath, num_bed, car_space) VALUES (261, 0, NULL, 2, 229900.0, "Albany", "New York", "1379 Daisy Rd", 2.0, 3.0, 0);
INSERT INTO property (id, property_type_id, listing_type_id, property_status_id, price, city, state, address, num_bath, num_bed, car_space) VALUES (262, 1, 1.0, 1, 1750000.0, "New York City", "New York", "1957 Maple Ln", 3.0, 5.0, 1);
INSERT INTO property (id, property_type_id, listing_type_id, property_status_id, price, city, state, address, num_bath, num_bed, car_space) VALUES (263, 0, NULL, 2, 299900.0, "Philadelphia", "Pennsylvania", "4140 Linden Dr", 2.0, 2.0, 0);
INSERT INTO property (id, property_type_id, listing_type_id, property_status_id, price, city, state, address, num_bath, num_bed, car_space) VALUES (264, 0, NULL, 2, 598000.0, "Bronx", "New York", "7728 Carnation Dr", 2.0, 2.0, 0);
INSERT INTO property (id, property_type_id, listing_type_id, property_status_id, price, city, state, address, num_bath, num_bed, car_space) VALUES (265, 2, NULL, 2, 299900.0, "Philadelphia", "Pennsylvania", "3417 Lily Rd", 3.0, 3.0, 1);
INSERT INTO property (id, property_type_id, listing_type_id, property_status_id, price, city, state, address, num_bath, num_bed, car_space) VALUES (266, 1, NULL, 0, 89000.0, "Syracuse", "New York", "175 Azalea Dr", 2.0, 4.0, 1);
INSERT INTO property (id, property_type_id, listing_type_id, property_status_id, price, city, state, address, num_bath, num_bed, car_space) VALUES (267, 0, NULL, 2, 150000.0, "Philadelphia", "Pennsylvania", "9992 Lily Rd", 1.0, 3.0, 0);
INSERT INTO property (id, property_type_id, listing_type_id, property_status_id, price, city, state, address, num_bath, num_bed, car_space) VALUES (268, 0, NULL, 2, 349000.0, "Syracuse", "New York", "703 Cactus Pl", 3.0, 4.0, 0);
INSERT INTO property (id, property_type_id, listing_type_id, property_status_id, price, city, state, address, num_bath, num_bed, car_space) VALUES (269, 0, NULL, 0, 455000.0, "Boston", "Massachusetts", "449 Daffodil Dr", 2.0, 2.0, 0);
INSERT INTO property (id, property_type_id, listing_type_id, property_status_id, price, city, state, address, num_bath, num_bed, car_space) VALUES (270, 0, NULL, 0, 140000.0, "Schenectady", "New York", "1618 Birch Ave", 2.0, 5.0, 0);
INSERT INTO property (id, property_type_id, listing_type_id, property_status_id, price, city, state, address, num_bath, num_bed, car_space) VALUES (271, 2, NULL, 2, 199000.0, "Kingston", "New York", "6909 Hyacinth Dr", 1.0, 3.0, 1);
INSERT INTO property (id, property_type_id, listing_type_id, property_status_id, price, city, state, address, num_bath, num_bed, car_space) VALUES (272, 0, NULL, 2, 835000.0, "Boston", "Massachusetts", "9208 Iris St", 2.0, 3.0, 0);
INSERT INTO property (id, property_type_id, listing_type_id, property_status_id, price, city, state, address, num_bath, num_bed, car_space) VALUES (273, 1, 0.0, 3, 1899000.0, "Brooklyn", "New York", "9653 Zinnia Dr", 3.0, 6.0, 2);
INSERT INTO property (id, property_type_id, listing_type_id, property_status_id, price, city, state, address, num_bath, num_bed, car_space) VALUES (274, 0, NULL, 2, 499000.0, "Philadelphia", "Pennsylvania", "1096 Azalea Dr", 3.0, 2.0, 0);
INSERT INTO property (id, property_type_id, listing_type_id, property_status_id, price, city, state, address, num_bath, num_bed, car_space) VALUES (275, 2, NULL, 2, 1349000.0, "Boston", "Massachusetts", "4479 Petunia Blvd", 2.0, 2.0, 1);
INSERT INTO property (id, property_type_id, listing_type_id, property_status_id, price, city, state, address, num_bath, num_bed, car_space) VALUES (276, 2, NULL, 2, 159900.0, "Syracuse", "New York", "8939 Peony Way", 3.0, 5.0, 1);
INSERT INTO property (id, property_type_id, listing_type_id, property_status_id, price, city, state, address, num_bath, num_bed, car_space) VALUES (277, 0, NULL, 2, 69000.0, "Syracuse", "New York", "8885 Peony Way", 2.0, 3.0, 0);
INSERT INTO property (id, property_type_id, listing_type_id, property_status_id, price, city, state, address, num_bath, num_bed, car_space) VALUES (278, 0, 0.0, 1, 729000.0, "Brooklyn", "New York", "4580 Lily Rd", 2.0, 3.0, 0);
INSERT INTO property (id, property_type_id, listing_type_id, property_status_id, price, city, state, address, num_bath, num_bed, car_space) VALUES (279, 0, 0.0, 3, 429000.0, "Philadelphia", "Pennsylvania", "4605 Peony Dr", 2.0, 3.0, 0);
INSERT INTO property (id, property_type_id, listing_type_id, property_status_id, price, city, state, address, num_bath, num_bed, car_space) VALUES (280, 2, NULL, 2, 739000.0, "Brooklyn", "New York", "1032 Chestnut Ln", 3.0, 3.0, 1);
INSERT INTO property (id, property_type_id, listing_type_id, property_status_id, price, city, state, address, num_bath, num_bed, car_space) VALUES (281, 2, NULL, 0, 950000.0, "Bronx", "New York", "8687 Tulip Ave", 3.0, 6.0, 1);
INSERT INTO property (id, property_type_id, listing_type_id, property_status_id, price, city, state, address, num_bath, num_bed, car_space) VALUES (282, 2, 1.0, 3, 2295000.0, "New York City", "New York", "1704 Peony Dr", 5.0, 5.0, 1);
INSERT INTO property (id, property_type_id, listing_type_id, property_status_id, price, city, state, address, num_bath, num_bed, car_space) VALUES (283, 1, NULL, 0, 449000.0, "Kingston", "New York", "9382 Iris St", 2.0, 3.0, 1);
INSERT INTO property (id, property_type_id, listing_type_id, property_status_id, price, city, state, address, num_bath, num_bed, car_space) VALUES (284, 0, NULL, 2, 1149000.0, "Brooklyn", "New York", "8662 Marigold Ave", 4.0, 4.0, 0);
INSERT INTO property (id, property_type_id, listing_type_id, property_status_id, price, city, state, address, num_bath, num_bed, car_space) VALUES (285, 2, NULL, 2, 159000.0, "Philadelphia", "Pennsylvania", "4929 Daffodil Dr", 1.0, 5.0, 1);
INSERT INTO property (id, property_type_id, listing_type_id, property_status_id, price, city, state, address, num_bath, num_bed, car_space) VALUES (286, 2, NULL, 2, 190000.0, "Schenectady", "New York", "5155 Lily Rd", 5.0, 8.0, 1);
INSERT INTO property (id, property_type_id, listing_type_id, property_status_id, price, city, state, address, num_bath, num_bed, car_space) VALUES (287, 2, 1.0, 3, 799000.0, "Brooklyn", "New York", "8013 Lily Rd", 4.0, 3.0, 1);
INSERT INTO property (id, property_type_id, listing_type_id, property_status_id, price, city, state, address, num_bath, num_bed, car_space) VALUES (288, 1, NULL, 2, 2995000.0, "New York City", "New York", "2735 Magnolia Ct", 4.0, 6.0, 1);
INSERT INTO property (id, property_type_id, listing_type_id, property_status_id, price, city, state, address, num_bath, num_bed, car_space) VALUES (289, 2, 1.0, 3, 149900.0, "Philadelphia", "Pennsylvania", "4940 Peony Way", 1.0, 2.0, 1);
INSERT INTO property (id, property_type_id, listing_type_id, property_status_id, price, city, state, address, num_bath, num_bed, car_space) VALUES (290, 2, NULL, 0, 389900.0, "Philadelphia", "Pennsylvania", "8311 Mimosa St", 1.0, 3.0, 1);
INSERT INTO property (id, property_type_id, listing_type_id, property_status_id, price, city, state, address, num_bath, num_bed, car_space) VALUES (291, 0, 0.0, 3, 279000.0, "Schenectady", "New York", "7390 Hyacinth Pl", 2.0, 2.0, 0);
INSERT INTO property (id, property_type_id, listing_type_id, property_status_id, price, city, state, address, num_bath, num_bed, car_space) VALUES (292, 2, NULL, 0, 699000.0, "Bronx", "New York", "6781 Daisy Ln", 2.0, 3.0, 1);
INSERT INTO property (id, property_type_id, listing_type_id, property_status_id, price, city, state, address, num_bath, num_bed, car_space) VALUES (293, 2, 1.0, 1, 240000.0, "Albany", "New York", "5240 Cottonwood Blvd", 1.0, 1.0, 1);
INSERT INTO property (id, property_type_id, listing_type_id, property_status_id, price, city, state, address, num_bath, num_bed, car_space) VALUES (294, 0, 1.0, 1, 169999.0, "Schenectady", "New York", "4294 Sycamore Rd", 1.0, 2.0, 0);
INSERT INTO property (id, property_type_id, listing_type_id, property_status_id, price, city, state, address, num_bath, num_bed, car_space) VALUES (295, 1, NULL, 0, 175000.0, "Philadelphia", "Pennsylvania", "424 Marigold Ave", 1.0, 3.0, 1);
INSERT INTO property (id, property_type_id, listing_type_id, property_status_id, price, city, state, address, num_bath, num_bed, car_space) VALUES (296, 2, NULL, 2, 130000.0, "Philadelphia", "Pennsylvania", "7573 Rose Ave", 1.0, 2.0, 1);
INSERT INTO property (id, property_type_id, listing_type_id, property_status_id, price, city, state, address, num_bath, num_bed, car_space) VALUES (297, 1, NULL, 2, 998000.0, "New York City", "New York", "7162 Rose Ave", 4.0, 4.0, 1);
INSERT INTO property (id, property_type_id, listing_type_id, property_status_id, price, city, state, address, num_bath, num_bed, car_space) VALUES (298, 2, 0.0, 1, 950000.0, "Bronx", "New York", "8290 Zinnia Ave", 6.0, 11.0, 1);
INSERT INTO property (id, property_type_id, listing_type_id, property_status_id, price, city, state, address, num_bath, num_bed, car_space) VALUES (299, 1, NULL, 0, 800000.0, "Bronx", "New York", "8308 Zinnia Ave", 2.0, 5.0, 2);
INSERT INTO property (id, property_type_id, listing_type_id, property_status_id, price, city, state, address, num_bath, num_bed, car_space) VALUES (300, 0, NULL, 2, 219900.0, "Schenectady", "New York", "4040 Sycamore Rd", 2.0, 6.0, 0);
INSERT INTO property (id, property_type_id, listing_type_id, property_status_id, price, city, state, address, num_bath, num_bed, car_space) VALUES (301, 2, NULL, 0, 349900.0, "Philadelphia", "Pennsylvania", "4208 Daffodil Dr", 4.0, 4.0, 1);
INSERT INTO property (id, property_type_id, listing_type_id, property_status_id, price, city, state, address, num_bath, num_bed, car_space) VALUES (302, 2, 1.0, 3, 4950000.0, "New York City", "New York", "357 Sycamore Rd", 5.0, 6.0, 2);
INSERT INTO property (id, property_type_id, listing_type_id, property_status_id, price, city, state, address, num_bath, num_bed, car_space) VALUES (303, 0, NULL, 0, 299800.0, "Albany", "New York", "6666 Linden Dr", 3.0, 4.0, 0);
INSERT INTO property (id, property_type_id, listing_type_id, property_status_id, price, city, state, address, num_bath, num_bed, car_space) VALUES (304, 0, NULL, 2, 328000.0, "Brooklyn", "New York", "592 Carnation Blvd", 1.0, 1.0, 0);
INSERT INTO property (id, property_type_id, listing_type_id, property_status_id, price, city, state, address, num_bath, num_bed, car_space) VALUES (305, 2, NULL, 0, 999000.0, "Staten Island", "New York", "2770 Wisteria Blvd", 5.0, 3.0, 1);
INSERT INTO property (id, property_type_id, listing_type_id, property_status_id, price, city, state, address, num_bath, num_bed, car_space) VALUES (306, 0, NULL, 2, 379000.0, "Kingston", "New York", "8432 Marigold St", 2.0, 4.0, 0);
INSERT INTO property (id, property_type_id, listing_type_id, property_status_id, price, city, state, address, num_bath, num_bed, car_space) VALUES (307, 2, NULL, 0, 399000.0, "Bronx", "New York", "2262 Cypress Blvd", 2.0, 3.0, 1);
INSERT INTO property (id, property_type_id, listing_type_id, property_status_id, price, city, state, address, num_bath, num_bed, car_space) VALUES (308, 1, NULL, 2, 299000.0, "Kingston", "New York", "4567 Carnation Blvd", 3.0, 3.0, 1);
INSERT INTO property (id, property_type_id, listing_type_id, property_status_id, price, city, state, address, num_bath, num_bed, car_space) VALUES (309, 1, NULL, 0, 1150000.0, "Boston", "Massachusetts", "669 Palm Rd", 2.0, 6.0, 1);
INSERT INTO property (id, property_type_id, listing_type_id, property_status_id, price, city, state, address, num_bath, num_bed, car_space) VALUES (310, 1, NULL, 2, 75000.0, "Philadelphia", "Pennsylvania", "1720 Linden Dr", 1.0, 3.0, 1);
INSERT INTO property (id, property_type_id, listing_type_id, property_status_id, price, city, state, address, num_bath, num_bed, car_space) VALUES (311, 2, NULL, 2, 9950000.0, "New York City", "New York", "8115 Mimosa St", 4.0, 5.0, 2);
INSERT INTO property (id, property_type_id, listing_type_id, property_status_id, price, city, state, address, num_bath, num_bed, car_space) VALUES (312, 2, NULL, 2, 799000.0, "Staten Island", "New York", "8282 Iris St", 3.0, 4.0, 1);
INSERT INTO property (id, property_type_id, listing_type_id, property_status_id, price, city, state, address, num_bath, num_bed, car_space) VALUES (313, 0, 1.0, 3, 199900.0, "Albany", "New York", "2808 Violet Ave", 3.0, 9.0, 0);
INSERT INTO property (id, property_type_id, listing_type_id, property_status_id, price, city, state, address, num_bath, num_bed, car_space) VALUES (314, 0, NULL, 2, 625000.0, "Bronx", "New York", "9674 Daisy Ln", 1.0, 3.0, 0);
INSERT INTO property (id, property_type_id, listing_type_id, property_status_id, price, city, state, address, num_bath, num_bed, car_space) VALUES (315, 2, NULL, 0, 468000.0, "Boston", "Massachusetts", "3779 Zinnia Dr", 1.0, 1.0, 1);
INSERT INTO property (id, property_type_id, listing_type_id, property_status_id, price, city, state, address, num_bath, num_bed, car_space) VALUES (316, 2, NULL, 2, 359000.0, "Bronx", "New York", "7463 Bamboo Ave", 2.0, 2.0, 1);
INSERT INTO property (id, property_type_id, listing_type_id, property_status_id, price, city, state, address, num_bath, num_bed, car_space) VALUES (317, 1, NULL, 2, 619000.0, "Bronx", "New York", "9446 Violet Ln", 2.0, 3.0, 1);
INSERT INTO property (id, property_type_id, listing_type_id, property_status_id, price, city, state, address, num_bath, num_bed, car_space) VALUES (318, 2, NULL, 0, 20500000.0, "New York City", "New York", "9702 Spruce Ave", 5.0, 4.0, 1);
INSERT INTO property (id, property_type_id, listing_type_id, property_status_id, price, city, state, address, num_bath, num_bed, car_space) VALUES (319, 0, 1.0, 3, 360000.0, "Syracuse", "New York", "3070 Elm Dr", 3.0, 5.0, 0);
INSERT INTO property (id, property_type_id, listing_type_id, property_status_id, price, city, state, address, num_bath, num_bed, car_space) VALUES (320, 2, NULL, 2, 199900.0, "Albany", "New York", "7990 Peony Dr", 2.0, 2.0, 1);
INSERT INTO property (id, property_type_id, listing_type_id, property_status_id, price, city, state, address, num_bath, num_bed, car_space) VALUES (321, 0, 1.0, 3, 2699000.0, "Brooklyn", "New York", "6573 Birch Ave", 2.0, 5.0, 0);
INSERT INTO property (id, property_type_id, listing_type_id, property_status_id, price, city, state, address, num_bath, num_bed, car_space) VALUES (322, 2, 0.0, 1, 869000.0, "Staten Island", "New York", "2693 Iris St", 3.0, 6.0, 1);
INSERT INTO property (id, property_type_id, listing_type_id, property_status_id, price, city, state, address, num_bath, num_bed, car_space) VALUES (323, 0, 1.0, 1, 495000.0, "Albany", "New York", "5536 Wisteria Blvd", 4.0, 5.0, 0);
INSERT INTO property (id, property_type_id, listing_type_id, property_status_id, price, city, state, address, num_bath, num_bed, car_space) VALUES (324, 2, NULL, 0, 99900.0, "Schenectady", "New York", "588 Daffodil St", 1.0, 3.0, 1);
INSERT INTO property (id, property_type_id, listing_type_id, property_status_id, price, city, state, address, num_bath, num_bed, car_space) VALUES (325, 2, 1.0, 3, 869999.0, "Bronx", "New York", "7231 Wisteria Dr", 2.0, 6.0, 2);
INSERT INTO property (id, property_type_id, listing_type_id, property_status_id, price, city, state, address, num_bath, num_bed, car_space) VALUES (326, 1, NULL, 2, 3295000.0, "New York City", "New York", "4495 Aspen Way", 4.0, 4.0, 1);
INSERT INTO property (id, property_type_id, listing_type_id, property_status_id, price, city, state, address, num_bath, num_bed, car_space) VALUES (327, 0, NULL, 0, 744900.0, "Staten Island", "New York", "4404 Marigold St", 1.0, 3.0, 0);
INSERT INTO property (id, property_type_id, listing_type_id, property_status_id, price, city, state, address, num_bath, num_bed, car_space) VALUES (328, 0, NULL, 0, 1149000.0, "Staten Island", "New York", "9357 Hyacinth Ave", 4.0, 4.0, 0);
INSERT INTO property (id, property_type_id, listing_type_id, property_status_id, price, city, state, address, num_bath, num_bed, car_space) VALUES (329, 0, NULL, 2, 449900.0, "Philadelphia", "Pennsylvania", "8767 Carnation Blvd", 3.0, 4.0, 0);
INSERT INTO property (id, property_type_id, listing_type_id, property_status_id, price, city, state, address, num_bath, num_bed, car_space) VALUES (330, 1, NULL, 2, 2750000.0, "New York City", "New York", "2235 Azalea Dr", 4.0, 8.0, 1);
INSERT INTO property (id, property_type_id, listing_type_id, property_status_id, price, city, state, address, num_bath, num_bed, car_space) VALUES (331, 0, NULL, 0, 365000.0, "Kingston", "New York", "9709 Cottonwood Blvd", 2.0, 4.0, 0);
INSERT INTO property (id, property_type_id, listing_type_id, property_status_id, price, city, state, address, num_bath, num_bed, car_space) VALUES (332, 0, 0.0, 1, 259900.0, "Schenectady", "New York", "3519 Rose Ave", 2.0, 4.0, 0);
INSERT INTO property (id, property_type_id, listing_type_id, property_status_id, price, city, state, address, num_bath, num_bed, car_space) VALUES (333, 1, NULL, 0, 219000.0, "Brooklyn", "Connecticut", "1045 Iris Rd", 2.0, 3.0, 1);
INSERT INTO property (id, property_type_id, listing_type_id, property_status_id, price, city, state, address, num_bath, num_bed, car_space) VALUES (334, 2, NULL, 0, 585000.0, "Staten Island", "New York", "8008 Hyacinth Pl", 1.0, 1.0, 1);
INSERT INTO property (id, property_type_id, listing_type_id, property_status_id, price, city, state, address, num_bath, num_bed, car_space) VALUES (335, 1, 1.0, 1, 1725000.0, "Boston", "Massachusetts", "1339 Violet Way", 2.0, 2.0, 1);
INSERT INTO property (id, property_type_id, listing_type_id, property_status_id, price, city, state, address, num_bath, num_bed, car_space) VALUES (336, 2, NULL, 0, 490000.0, "Philadelphia", "Pennsylvania", "4471 Alder Blvd", 2.0, 3.0, 1);
INSERT INTO property (id, property_type_id, listing_type_id, property_status_id, price, city, state, address, num_bath, num_bed, car_space) VALUES (337, 1, NULL, 2, 359900.0, "Philadelphia", "Pennsylvania", "9741 Azalea Blvd", 3.0, 3.0, 1);
INSERT INTO property (id, property_type_id, listing_type_id, property_status_id, price, city, state, address, num_bath, num_bed, car_space) VALUES (338, 0, NULL, 2, 639000.0, "Boston", "Massachusetts", "2046 Azalea Dr", 3.0, 3.0, 0);
INSERT INTO property (id, property_type_id, listing_type_id, property_status_id, price, city, state, address, num_bath, num_bed, car_space) VALUES (339, 2, NULL, 2, 395900.0, "Kingston", "New York", "3897 Lilac Dr", 1.0, 2.0, 1);
INSERT INTO property (id, property_type_id, listing_type_id, property_status_id, price, city, state, address, num_bath, num_bed, car_space) VALUES (340, 0, NULL, 0, 739999.0, "Staten Island", "New York", "9221 Marigold Dr", 2.0, 3.0, 0);
INSERT INTO property (id, property_type_id, listing_type_id, property_status_id, price, city, state, address, num_bath, num_bed, car_space) VALUES (341, 0, NULL, 0, 185000.0, "Albany", "New York", "3095 Pine Rd", 1.0, 3.0, 0);
INSERT INTO property (id, property_type_id, listing_type_id, property_status_id, price, city, state, address, num_bath, num_bed, car_space) VALUES (342, 2, 1.0, 3, 1285000.0, "Brooklyn", "New York", "5140 Peony Blvd", 5.0, 6.0, 1);

INSERT INTO employee (id, first_name, last_name, start_date, end_date, job_title, monthly_salary) VALUES (0, "Ella", "Bryant", "2023-08-18", NULL, "Sale Agent", 8465);
INSERT INTO employee (id, first_name, last_name, start_date, end_date, job_title, monthly_salary) VALUES (1, "Aubrey", "Ramirez", "2014-07-09", NULL, "Sale Agent", 8044);
INSERT INTO employee (id, first_name, last_name, start_date, end_date, job_title, monthly_salary) VALUES (2, "Natalie", "Alexander", "2011-05-09", NULL, "Sale Agent", 7143);
INSERT INTO employee (id, first_name, last_name, start_date, end_date, job_title, monthly_salary) VALUES (3, "Harper", "Long", "2015-10-29", NULL, "Sale Agent", 8955);
INSERT INTO employee (id, first_name, last_name, start_date, end_date, job_title, monthly_salary) VALUES (4, "Mila", "Perez", "2012-10-09", NULL, "Sale Agent", 8056);
INSERT INTO employee (id, first_name, last_name, start_date, end_date, job_title, monthly_salary) VALUES (5, "Harper", "Anderson", "2018-09-02", NULL, "Branch Manager", 9221);
INSERT INTO employee (id, first_name, last_name, start_date, end_date, job_title, monthly_salary) VALUES (6, "Mia", "Gonzalez", "2018-11-18", NULL, "Sale Agent", 8092);
INSERT INTO employee (id, first_name, last_name, start_date, end_date, job_title, monthly_salary) VALUES (7, "Harper", "Williams", "2017-09-09", NULL, "Sale Agent", 9246);
INSERT INTO employee (id, first_name, last_name, start_date, end_date, job_title, monthly_salary) VALUES (8, "Zoe", "Brooks", "2014-01-14", NULL, "Sale Agent", 8686);
INSERT INTO employee (id, first_name, last_name, start_date, end_date, job_title, monthly_salary) VALUES (9, "Hannah", "Thompson", "2013-07-25", NULL, "Sale Agent", 9556);
INSERT INTO employee (id, first_name, last_name, start_date, end_date, job_title, monthly_salary) VALUES (10, "Ella", "Brooks", "2014-11-07", NULL, "Sale Agent", 8151);
INSERT INTO employee (id, first_name, last_name, start_date, end_date, job_title, monthly_salary) VALUES (11, "Brooklyn", "Nelson", "2019-05-06", NULL, "Sale Agent", 9124);
INSERT INTO employee (id, first_name, last_name, start_date, end_date, job_title, monthly_salary) VALUES (12, "Owen", "Martin", "2010-01-15", NULL, "Branch Manager", 10753);
INSERT INTO employee (id, first_name, last_name, start_date, end_date, job_title, monthly_salary) VALUES (13, "Sofia", "Bell", "2023-08-28", NULL, "Sale Agent", 9086);
INSERT INTO employee (id, first_name, last_name, start_date, end_date, job_title, monthly_salary) VALUES (14, "Eli", "Campbell", "2011-07-02", NULL, "Sale Agent", 7756);
INSERT INTO employee (id, first_name, last_name, start_date, end_date, job_title, monthly_salary) VALUES (15, "James", "Patterson", "2011-03-08", NULL, "Sale Agent", 8982);
INSERT INTO employee (id, first_name, last_name, start_date, end_date, job_title, monthly_salary) VALUES (16, "Aubrey", "Sanchez", "2018-05-24", NULL, "Sale Agent", 9677);
INSERT INTO employee (id, first_name, last_name, start_date, end_date, job_title, monthly_salary) VALUES (17, "Lily", "Walker", "2023-02-06", NULL, "Sale Agent", 9056);
INSERT INTO employee (id, first_name, last_name, start_date, end_date, job_title, monthly_salary) VALUES (18, "Aria", "Anderson", "2017-05-12", NULL, "Sale Agent", 8071);
INSERT INTO employee (id, first_name, last_name, start_date, end_date, job_title, monthly_salary) VALUES (19, "Avery", "King", "2017-06-15", NULL, "Regional Manager", 11597);
INSERT INTO employee (id, first_name, last_name, start_date, end_date, job_title, monthly_salary) VALUES (20, "Brooklyn", "Ross", "2023-06-14", NULL, "Accountant", 7733);
INSERT INTO employee (id, first_name, last_name, start_date, end_date, job_title, monthly_salary) VALUES (21, "Grace", "Anderson", "2011-12-19", NULL, "Accountant", 7987);

INSERT INTO client (id, first_name, last_name, email_address, phone_number) VALUES (0, "Sofia", "Martinez", "sofia.martinez262@gmail.com", "347-275-9691");
INSERT INTO client (id, first_name, last_name, email_address, phone_number) VALUES (1, "Carter", "Lewis", "carter.lewis536@gmail.com", "857-491-9774");
INSERT INTO client (id, first_name, last_name, email_address, phone_number) VALUES (2, "Riley", "James", "riley.james629@gmail.com", "267-281-7449");
INSERT INTO client (id, first_name, last_name, email_address, phone_number) VALUES (3, "Brooklyn", "Barnes", "brooklyn.barnes627@gmail.com", "718-934-4370");
INSERT INTO client (id, first_name, last_name, email_address, phone_number) VALUES (4, "Hazel", "Patterson", "hazel.patterson214@gmail.com", "617-457-4019");
INSERT INTO client (id, first_name, last_name, email_address, phone_number) VALUES (5, "Mila", "Russell", "mila.russell832@gmail.com", "267-989-0014");
INSERT INTO client (id, first_name, last_name, email_address, phone_number) VALUES (6, "Logan", "White", "logan.white915@gmail.com", "347-356-1717");
INSERT INTO client (id, first_name, last_name, email_address, phone_number) VALUES (7, "Liam", "Patterson", "liam.patterson864@gmail.com", "617-415-0364");
INSERT INTO client (id, first_name, last_name, email_address, phone_number) VALUES (8, "Ethan", "Howard", "ethan.howard037@gmail.com", "617-186-9756");
INSERT INTO client (id, first_name, last_name, email_address, phone_number) VALUES (9, "Avery", "Hayes", "avery.hayes068@gmail.com", "445-207-5791");
INSERT INTO client (id, first_name, last_name, email_address, phone_number) VALUES (10, "Sophie", "Scott", "sophie.scott825@gmail.com", "347-893-7506");
INSERT INTO client (id, first_name, last_name, email_address, phone_number) VALUES (11, "Sofia", "Scott", "sofia.scott601@gmail.com", "917-824-0753");
INSERT INTO client (id, first_name, last_name, email_address, phone_number) VALUES (12, "Carter", "Hernandez", "carter.hernandez429@gmail.com", "617-265-2464");
INSERT INTO client (id, first_name, last_name, email_address, phone_number) VALUES (13, "Aubrey", "Murphy", "aubrey.murphy951@gmail.com", "617-365-7129");
INSERT INTO client (id, first_name, last_name, email_address, phone_number) VALUES (14, "Avery", "Jones", "avery.jones624@gmail.com", "267-855-4112");
INSERT INTO client (id, first_name, last_name, email_address, phone_number) VALUES (15, "Avery", "Bennett", "avery.bennett507@gmail.com", "857-577-5116");
INSERT INTO client (id, first_name, last_name, email_address, phone_number) VALUES (16, "Nathan", "Jones", "nathan.jones525@gmail.com", "445-374-4088");
INSERT INTO client (id, first_name, last_name, email_address, phone_number) VALUES (17, "Abigail", "Parker", "abigail.parker073@gmail.com", "857-006-7950");
INSERT INTO client (id, first_name, last_name, email_address, phone_number) VALUES (18, "Hazel", "Patterson", "hazel.patterson207@gmail.com", "445-943-9597");
INSERT INTO client (id, first_name, last_name, email_address, phone_number) VALUES (19, "Carter", "Watson", "carter.watson683@gmail.com", "929-605-5029");
INSERT INTO client (id, first_name, last_name, email_address, phone_number) VALUES (20, "Sophie", "Perez", "sophie.perez810@gmail.com", "267-264-2325");
INSERT INTO client (id, first_name, last_name, email_address, phone_number) VALUES (21, "Luna", "Simmons", "luna.simmons765@gmail.com", "718-017-2639");
INSERT INTO client (id, first_name, last_name, email_address, phone_number) VALUES (22, "Olivia", "Sanchez", "olivia.sanchez932@gmail.com", "617-502-2789");
INSERT INTO client (id, first_name, last_name, email_address, phone_number) VALUES (23, "Isla", "Coleman", "isla.coleman236@gmail.com", "718-190-9578");
INSERT INTO client (id, first_name, last_name, email_address, phone_number) VALUES (24, "Luna", "Murphy", "luna.murphy591@gmail.com", "347-817-5488");
INSERT INTO client (id, first_name, last_name, email_address, phone_number) VALUES (25, "Luna", "Perry", "luna.perry580@gmail.com", "215-196-2634");
INSERT INTO client (id, first_name, last_name, email_address, phone_number) VALUES (26, "Aurora", "Jenkins", "aurora.jenkins227@gmail.com", "929-387-9559");
INSERT INTO client (id, first_name, last_name, email_address, phone_number) VALUES (27, "Scarlett", "Bennett", "scarlett.bennett869@gmail.com", "617-619-9879");
INSERT INTO client (id, first_name, last_name, email_address, phone_number) VALUES (28, "Aubrey", "Brown", "aubrey.brown920@gmail.com", "718-314-9877");
INSERT INTO client (id, first_name, last_name, email_address, phone_number) VALUES (29, "Camila", "Carter", "camila.carter498@gmail.com", "267-716-0041");
INSERT INTO client (id, first_name, last_name, email_address, phone_number) VALUES (30, "Nathan", "Wilson", "nathan.wilson087@gmail.com", "445-559-7010");
INSERT INTO client (id, first_name, last_name, email_address, phone_number) VALUES (31, "Ethan", "Evans", "ethan.evans318@gmail.com", "929-581-5051");
INSERT INTO client (id, first_name, last_name, email_address, phone_number) VALUES (32, "Nathan", "Long", "nathan.long964@gmail.com", "445-643-5285");
INSERT INTO client (id, first_name, last_name, email_address, phone_number) VALUES (33, "Avery", "Jackson", "avery.jackson278@gmail.com", "857-977-2174");
INSERT INTO client (id, first_name, last_name, email_address, phone_number) VALUES (34, "Emma", "Davis", "emma.davis429@gmail.com", "718-459-9482");
INSERT INTO client (id, first_name, last_name, email_address, phone_number) VALUES (35, "Zoey", "King", "zoey.king362@gmail.com", "347-265-8127");
INSERT INTO client (id, first_name, last_name, email_address, phone_number) VALUES (36, "Amelia", "Torres", "amelia.torres898@gmail.com", "929-387-5030");
INSERT INTO client (id, first_name, last_name, email_address, phone_number) VALUES (37, "Layla", "Wright", "layla.wright011@gmail.com", "917-170-2621");
INSERT INTO client (id, first_name, last_name, email_address, phone_number) VALUES (38, "Paisley", "Hernandez", "paisley.hernandez635@gmail.com", "267-045-2451");
INSERT INTO client (id, first_name, last_name, email_address, phone_number) VALUES (39, "Madison", "Edwards", "madison.edwards502@gmail.com", "857-491-7910");
INSERT INTO client (id, first_name, last_name, email_address, phone_number) VALUES (40, "Madison", "Miller", "madison.miller670@gmail.com", "347-179-0059");
INSERT INTO client (id, first_name, last_name, email_address, phone_number) VALUES (41, "Aubrey", "Cooper", "aubrey.cooper277@gmail.com", "857-307-9519");
INSERT INTO client (id, first_name, last_name, email_address, phone_number) VALUES (42, "Addison", "Adams", "addison.adams641@gmail.com", "718-522-5298");
INSERT INTO client (id, first_name, last_name, email_address, phone_number) VALUES (43, "Abigail", "Bell", "abigail.bell068@gmail.com", "857-184-0693");
INSERT INTO client (id, first_name, last_name, email_address, phone_number) VALUES (44, "Mia", "Cooper", "mia.cooper119@gmail.com", "267-032-5131");
INSERT INTO client (id, first_name, last_name, email_address, phone_number) VALUES (45, "Penelope", "Williams", "penelope.williams855@gmail.com", "347-382-2997");
INSERT INTO client (id, first_name, last_name, email_address, phone_number) VALUES (46, "Sophia", "Clark", "sophia.clark656@gmail.com", "718-221-6404");
INSERT INTO client (id, first_name, last_name, email_address, phone_number) VALUES (47, "Nathan", "Torres", "nathan.torres333@gmail.com", "445-904-1402");
INSERT INTO client (id, first_name, last_name, email_address, phone_number) VALUES (48, "Camila", "Clark", "camila.clark685@gmail.com", "347-859-5685");
INSERT INTO client (id, first_name, last_name, email_address, phone_number) VALUES (49, "Sophia", "Simmons", "sophia.simmons074@gmail.com", "917-549-9209");
INSERT INTO client (id, first_name, last_name, email_address, phone_number) VALUES (50, "Amelia", "Gray", "amelia.gray485@gmail.com", "215-804-8824");
INSERT INTO client (id, first_name, last_name, email_address, phone_number) VALUES (51, "Sophie", "Parker", "sophie.parker983@gmail.com", "267-356-8954");
INSERT INTO client (id, first_name, last_name, email_address, phone_number) VALUES (52, "Harper", "Miller", "harper.miller590@gmail.com", "267-247-3562");
INSERT INTO client (id, first_name, last_name, email_address, phone_number) VALUES (53, "Nora", "Brooks", "nora.brooks303@gmail.com", "929-219-6374");
INSERT INTO client (id, first_name, last_name, email_address, phone_number) VALUES (54, "Scarlett", "Roberts", "scarlett.roberts460@gmail.com", "718-382-3756");
INSERT INTO client (id, first_name, last_name, email_address, phone_number) VALUES (55, "Ellie", "Morris", "ellie.morris058@gmail.com", "267-894-9439");
INSERT INTO client (id, first_name, last_name, email_address, phone_number) VALUES (56, "Ella", "Long", "ella.long810@gmail.com", "267-468-5244");
INSERT INTO client (id, first_name, last_name, email_address, phone_number) VALUES (57, "Elijah", "Edwards", "elijah.edwards884@gmail.com", "215-031-1444");
INSERT INTO client (id, first_name, last_name, email_address, phone_number) VALUES (58, "Matthew", "Ramirez", "matthew.ramirez218@gmail.com", "718-518-0665");
INSERT INTO client (id, first_name, last_name, email_address, phone_number) VALUES (59, "Madison", "Green", "madison.green181@gmail.com", "617-606-9111");
INSERT INTO client (id, first_name, last_name, email_address, phone_number) VALUES (60, "Emily", "Rogers", "emily.rogers448@gmail.com", "857-735-2588");
INSERT INTO client (id, first_name, last_name, email_address, phone_number) VALUES (61, "Emily", "Foster", "emily.foster055@gmail.com", "617-751-2044");
INSERT INTO client (id, first_name, last_name, email_address, phone_number) VALUES (62, "Lillian", "Harris", "lillian.harris708@gmail.com", "857-835-7256");
INSERT INTO client (id, first_name, last_name, email_address, phone_number) VALUES (63, "Aubrey", "Wood", "aubrey.wood774@gmail.com", "617-683-3613");
INSERT INTO client (id, first_name, last_name, email_address, phone_number) VALUES (64, "Nathan", "White", "nathan.white047@gmail.com", "267-988-6992");
INSERT INTO client (id, first_name, last_name, email_address, phone_number) VALUES (65, "Liam", "Watson", "liam.watson934@gmail.com", "445-805-9107");
INSERT INTO client (id, first_name, last_name, email_address, phone_number) VALUES (66, "Ellie", "Perez", "ellie.perez143@gmail.com", "267-249-1819");
INSERT INTO client (id, first_name, last_name, email_address, phone_number) VALUES (67, "Aria", "Coleman", "aria.coleman413@gmail.com", "857-804-6957");
INSERT INTO client (id, first_name, last_name, email_address, phone_number) VALUES (68, "Owen", "Peterson", "owen.peterson160@gmail.com", "215-493-5566");
INSERT INTO client (id, first_name, last_name, email_address, phone_number) VALUES (69, "Samuel", "Ross", "samuel.ross950@gmail.com", "857-591-8694");
INSERT INTO client (id, first_name, last_name, email_address, phone_number) VALUES (70, "Ava", "White", "ava.white076@gmail.com", "215-687-6440");
INSERT INTO client (id, first_name, last_name, email_address, phone_number) VALUES (71, "Aubrey", "Ross", "aubrey.ross815@gmail.com", "617-233-4253");
INSERT INTO client (id, first_name, last_name, email_address, phone_number) VALUES (72, "Nathan", "Lopez", "nathan.lopez514@gmail.com", "929-712-7411");
INSERT INTO client (id, first_name, last_name, email_address, phone_number) VALUES (73, "Stella", "Howard", "stella.howard013@gmail.com", "215-784-5292");
INSERT INTO client (id, first_name, last_name, email_address, phone_number) VALUES (74, "Eli", "Martinez", "eli.martinez186@gmail.com", "617-538-1564");
INSERT INTO client (id, first_name, last_name, email_address, phone_number) VALUES (75, "Noah", "Kelly", "noah.kelly578@gmail.com", "347-486-9521");
INSERT INTO client (id, first_name, last_name, email_address, phone_number) VALUES (76, "Abigail", "Phillips", "abigail.phillips055@gmail.com", "718-831-0771");
INSERT INTO client (id, first_name, last_name, email_address, phone_number) VALUES (77, "Luna", "Barnes", "luna.barnes979@gmail.com", "857-641-3609");
INSERT INTO client (id, first_name, last_name, email_address, phone_number) VALUES (78, "Sophie", "Lewis", "sophie.lewis538@gmail.com", "445-497-1745");
INSERT INTO client (id, first_name, last_name, email_address, phone_number) VALUES (79, "Aaliyah", "Long", "aaliyah.long321@gmail.com", "929-093-5737");
INSERT INTO client (id, first_name, last_name, email_address, phone_number) VALUES (80, "Chloe", "Wilson", "chloe.wilson630@gmail.com", "445-146-1672");
INSERT INTO client (id, first_name, last_name, email_address, phone_number) VALUES (81, "Aurora", "Morris", "aurora.morris025@gmail.com", "267-722-4638");
INSERT INTO client (id, first_name, last_name, email_address, phone_number) VALUES (82, "Abigail", "Torres", "abigail.torres857@gmail.com", "718-392-0769");
INSERT INTO client (id, first_name, last_name, email_address, phone_number) VALUES (83, "Sophia", "Bryant", "sophia.bryant304@gmail.com", "718-696-3496");
INSERT INTO client (id, first_name, last_name, email_address, phone_number) VALUES (84, "Elijah", "Diaz", "elijah.diaz005@gmail.com", "267-684-3402");
INSERT INTO client (id, first_name, last_name, email_address, phone_number) VALUES (85, "Sophie", "Baker", "sophie.baker080@gmail.com", "267-498-1687");
INSERT INTO client (id, first_name, last_name, email_address, phone_number) VALUES (86, "Hazel", "Moore", "hazel.moore958@gmail.com", "718-550-7309");
INSERT INTO client (id, first_name, last_name, email_address, phone_number) VALUES (87, "Madison", "Parker", "madison.parker538@gmail.com", "718-490-7570");
INSERT INTO client (id, first_name, last_name, email_address, phone_number) VALUES (88, "Harper", "Scott", "harper.scott272@gmail.com", "718-338-6157");
INSERT INTO client (id, first_name, last_name, email_address, phone_number) VALUES (89, "Eli", "Lopez", "eli.lopez103@gmail.com", "347-053-1659");
INSERT INTO client (id, first_name, last_name, email_address, phone_number) VALUES (90, "Jackson", "Washington", "jackson.washington279@gmail.com", "718-059-0154");
INSERT INTO client (id, first_name, last_name, email_address, phone_number) VALUES (91, "Emilia", "Collins", "emilia.collins014@gmail.com", "215-498-3864");
INSERT INTO client (id, first_name, last_name, email_address, phone_number) VALUES (92, "Lily", "Hall", "lily.hall409@gmail.com", "917-976-9016");
INSERT INTO client (id, first_name, last_name, email_address, phone_number) VALUES (93, "Olivia", "Ward", "olivia.ward599@gmail.com", "267-171-0432");
INSERT INTO client (id, first_name, last_name, email_address, phone_number) VALUES (94, "Samuel", "Walker", "samuel.walker028@gmail.com", "617-091-0694");
INSERT INTO client (id, first_name, last_name, email_address, phone_number) VALUES (95, "Samuel", "Murphy", "samuel.murphy767@gmail.com", "917-403-7084");
INSERT INTO client (id, first_name, last_name, email_address, phone_number) VALUES (96, "Natalie", "Flores", "natalie.flores065@gmail.com", "929-366-5879");
INSERT INTO client (id, first_name, last_name, email_address, phone_number) VALUES (97, "Elizabeth", "Hall", "elizabeth.hall552@gmail.com", "445-386-8107");
INSERT INTO client (id, first_name, last_name, email_address, phone_number) VALUES (98, "Nathan", "Long", "nathan.long598@gmail.com", "929-609-8287");
INSERT INTO client (id, first_name, last_name, email_address, phone_number) VALUES (99, "Luna", "Watson", "luna.watson372@gmail.com", "445-405-0898");
INSERT INTO client (id, first_name, last_name, email_address, phone_number) VALUES (100, "Addison", "Martin", "addison.martin725@gmail.com", "857-795-1672");
INSERT INTO client (id, first_name, last_name, email_address, phone_number) VALUES (101, "Noah", "Butler", "noah.butler572@gmail.com", "267-693-2377");
INSERT INTO client (id, first_name, last_name, email_address, phone_number) VALUES (102, "Aria", "Nelson", "aria.nelson027@gmail.com", "917-343-8469");
INSERT INTO client (id, first_name, last_name, email_address, phone_number) VALUES (103, "Madison", "Robinson", "madison.robinson489@gmail.com", "347-538-1067");
INSERT INTO client (id, first_name, last_name, email_address, phone_number) VALUES (104, "Scarlett", "Sanders", "scarlett.sanders295@gmail.com", "929-136-1374");
INSERT INTO client (id, first_name, last_name, email_address, phone_number) VALUES (105, "Nora", "Sanders", "nora.sanders647@gmail.com", "617-628-8008");
INSERT INTO client (id, first_name, last_name, email_address, phone_number) VALUES (106, "Elizabeth", "Davis", "elizabeth.davis952@gmail.com", "857-675-2629");
INSERT INTO client (id, first_name, last_name, email_address, phone_number) VALUES (107, "Carter", "Jackson", "carter.jackson987@gmail.com", "347-161-4367");
INSERT INTO client (id, first_name, last_name, email_address, phone_number) VALUES (108, "Layla", "Moore", "layla.moore868@gmail.com", "215-248-6216");
INSERT INTO client (id, first_name, last_name, email_address, phone_number) VALUES (109, "Hannah", "Garcia", "hannah.garcia704@gmail.com", "617-092-4350");
INSERT INTO client (id, first_name, last_name, email_address, phone_number) VALUES (110, "Luna", "Jackson", "luna.jackson417@gmail.com", "347-424-5762");
INSERT INTO client (id, first_name, last_name, email_address, phone_number) VALUES (111, "Harper", "Torres", "harper.torres897@gmail.com", "718-865-5669");
INSERT INTO client (id, first_name, last_name, email_address, phone_number) VALUES (112, "Sophia", "Cooper", "sophia.cooper638@gmail.com", "267-996-2991");
INSERT INTO client (id, first_name, last_name, email_address, phone_number) VALUES (113, "Madison", "Barnes", "madison.barnes098@gmail.com", "445-598-6447");
INSERT INTO client (id, first_name, last_name, email_address, phone_number) VALUES (114, "Mila", "Stewart", "mila.stewart898@gmail.com", "857-824-6578");
INSERT INTO client (id, first_name, last_name, email_address, phone_number) VALUES (115, "Ava", "Washington", "ava.washington837@gmail.com", "445-199-4021");
INSERT INTO client (id, first_name, last_name, email_address, phone_number) VALUES (116, "Isla", "Butler", "isla.butler175@gmail.com", "445-950-8386");
INSERT INTO client (id, first_name, last_name, email_address, phone_number) VALUES (117, "Michael", "Patterson", "michael.patterson841@gmail.com", "718-386-2418");
INSERT INTO client (id, first_name, last_name, email_address, phone_number) VALUES (118, "Leah", "Garcia", "leah.garcia829@gmail.com", "445-970-8904");
INSERT INTO client (id, first_name, last_name, email_address, phone_number) VALUES (119, "Daniel", "Hayes", "daniel.hayes958@gmail.com", "267-591-4179");
INSERT INTO client (id, first_name, last_name, email_address, phone_number) VALUES (120, "Sofia", "Perry", "sofia.perry937@gmail.com", "617-722-5679");
INSERT INTO client (id, first_name, last_name, email_address, phone_number) VALUES (121, "Elijah", "Morgan", "elijah.morgan162@gmail.com", "617-271-7563");
INSERT INTO client (id, first_name, last_name, email_address, phone_number) VALUES (122, "Samuel", "Wood", "samuel.wood588@gmail.com", "857-020-4242");
INSERT INTO client (id, first_name, last_name, email_address, phone_number) VALUES (123, "Michael", "Davis", "michael.davis070@gmail.com", "267-232-5654");
INSERT INTO client (id, first_name, last_name, email_address, phone_number) VALUES (124, "Aiden", "Ward", "aiden.ward230@gmail.com", "917-304-4747");
INSERT INTO client (id, first_name, last_name, email_address, phone_number) VALUES (125, "Madison", "Walker", "madison.walker271@gmail.com", "445-055-4401");
INSERT INTO client (id, first_name, last_name, email_address, phone_number) VALUES (126, "Carter", "Anderson", "carter.anderson939@gmail.com", "215-335-6194");
INSERT INTO client (id, first_name, last_name, email_address, phone_number) VALUES (127, "Mila", "Wood", "mila.wood561@gmail.com", "445-617-6113");
INSERT INTO client (id, first_name, last_name, email_address, phone_number) VALUES (128, "Hazel", "Hernandez", "hazel.hernandez902@gmail.com", "617-537-8486");
INSERT INTO client (id, first_name, last_name, email_address, phone_number) VALUES (129, "Emma", "Jones", "emma.jones727@gmail.com", "267-018-9744");
INSERT INTO client (id, first_name, last_name, email_address, phone_number) VALUES (130, "Aria", "Brooks", "aria.brooks759@gmail.com", "929-434-1384");
INSERT INTO client (id, first_name, last_name, email_address, phone_number) VALUES (131, "Samuel", "Rodriguez", "samuel.rodriguez000@gmail.com", "718-440-0059");
INSERT INTO client (id, first_name, last_name, email_address, phone_number) VALUES (132, "Grace", "Gonzales", "grace.gonzales257@gmail.com", "929-659-6763");
INSERT INTO client (id, first_name, last_name, email_address, phone_number) VALUES (133, "Ellie", "Nelson", "ellie.nelson628@gmail.com", "929-068-1319");
INSERT INTO client (id, first_name, last_name, email_address, phone_number) VALUES (134, "Grace", "Jones", "grace.jones365@gmail.com", "929-031-1546");
INSERT INTO client (id, first_name, last_name, email_address, phone_number) VALUES (135, "Michael", "King", "michael.king499@gmail.com", "215-679-2518");
INSERT INTO client (id, first_name, last_name, email_address, phone_number) VALUES (136, "Nora", "Wilson", "nora.wilson128@gmail.com", "929-905-5480");
INSERT INTO client (id, first_name, last_name, email_address, phone_number) VALUES (137, "Grayson", "Anderson", "grayson.anderson477@gmail.com", "445-812-5359");
INSERT INTO client (id, first_name, last_name, email_address, phone_number) VALUES (138, "Ethan", "Taylor", "ethan.taylor951@gmail.com", "617-583-9768");
INSERT INTO client (id, first_name, last_name, email_address, phone_number) VALUES (139, "Mia", "Murphy", "mia.murphy929@gmail.com", "929-868-2655");
INSERT INTO client (id, first_name, last_name, email_address, phone_number) VALUES (140, "Paisley", "James", "paisley.james274@gmail.com", "857-652-6457");
INSERT INTO client (id, first_name, last_name, email_address, phone_number) VALUES (141, "Nora", "Johnson", "nora.johnson980@gmail.com", "445-163-4156");
INSERT INTO client (id, first_name, last_name, email_address, phone_number) VALUES (142, "Grayson", "Perez", "grayson.perez648@gmail.com", "347-140-0237");
INSERT INTO client (id, first_name, last_name, email_address, phone_number) VALUES (143, "Aubrey", "Powell", "aubrey.powell628@gmail.com", "215-103-8118");
INSERT INTO client (id, first_name, last_name, email_address, phone_number) VALUES (144, "Matthew", "Miller", "matthew.miller791@gmail.com", "445-995-3855");
INSERT INTO client (id, first_name, last_name, email_address, phone_number) VALUES (145, "Noah", "Morgan", "noah.morgan022@gmail.com", "347-528-6065");
INSERT INTO client (id, first_name, last_name, email_address, phone_number) VALUES (146, "Grayson", "Cook", "grayson.cook377@gmail.com", "857-695-3138");
INSERT INTO client (id, first_name, last_name, email_address, phone_number) VALUES (147, "Evelyn", "Rodriguez", "evelyn.rodriguez374@gmail.com", "857-835-5808");
INSERT INTO client (id, first_name, last_name, email_address, phone_number) VALUES (148, "Evelyn", "Cox", "evelyn.cox640@gmail.com", "857-130-4522");
INSERT INTO client (id, first_name, last_name, email_address, phone_number) VALUES (149, "Evelyn", "Butler", "evelyn.butler976@gmail.com", "215-951-6172");
INSERT INTO client (id, first_name, last_name, email_address, phone_number) VALUES (150, "Camila", "Morgan", "camila.morgan645@gmail.com", "929-028-2644");
INSERT INTO client (id, first_name, last_name, email_address, phone_number) VALUES (151, "Aria", "Bell", "aria.bell296@gmail.com", "267-857-7274");
INSERT INTO client (id, first_name, last_name, email_address, phone_number) VALUES (152, "Harper", "Gonzalez", "harper.gonzalez759@gmail.com", "857-657-3891");
INSERT INTO client (id, first_name, last_name, email_address, phone_number) VALUES (153, "Ella", "Griffin", "ella.griffin946@gmail.com", "718-853-4451");
INSERT INTO client (id, first_name, last_name, email_address, phone_number) VALUES (154, "Daniel", "Martin", "daniel.martin973@gmail.com", "718-024-8504");
INSERT INTO client (id, first_name, last_name, email_address, phone_number) VALUES (155, "Liam", "Jones", "liam.jones344@gmail.com", "617-851-6587");
INSERT INTO client (id, first_name, last_name, email_address, phone_number) VALUES (156, "Emma", "Morgan", "emma.morgan226@gmail.com", "215-004-9137");
INSERT INTO client (id, first_name, last_name, email_address, phone_number) VALUES (157, "Sophia", "Alexander", "sophia.alexander365@gmail.com", "929-027-9299");
INSERT INTO client (id, first_name, last_name, email_address, phone_number) VALUES (158, "Amelia", "Watson", "amelia.watson621@gmail.com", "929-309-9044");
INSERT INTO client (id, first_name, last_name, email_address, phone_number) VALUES (159, "Aubrey", "Jackson", "aubrey.jackson920@gmail.com", "929-990-9691");
INSERT INTO client (id, first_name, last_name, email_address, phone_number) VALUES (160, "Nathan", "Cook", "nathan.cook318@gmail.com", "857-605-7134");
INSERT INTO client (id, first_name, last_name, email_address, phone_number) VALUES (161, "Grace", "Smith", "grace.smith945@gmail.com", "929-960-2694");
INSERT INTO client (id, first_name, last_name, email_address, phone_number) VALUES (162, "Aubrey", "Howard", "aubrey.howard471@gmail.com", "347-531-1209");
INSERT INTO client (id, first_name, last_name, email_address, phone_number) VALUES (163, "Mila", "Thomas", "mila.thomas337@gmail.com", "857-821-3106");
INSERT INTO client (id, first_name, last_name, email_address, phone_number) VALUES (164, "Scarlett", "Young", "scarlett.young657@gmail.com", "215-166-0328");
INSERT INTO client (id, first_name, last_name, email_address, phone_number) VALUES (165, "Ethan", "Walker", "ethan.walker078@gmail.com", "347-343-0334");
INSERT INTO client (id, first_name, last_name, email_address, phone_number) VALUES (166, "Evelyn", "Henderson", "evelyn.henderson348@gmail.com", "347-994-3916");
INSERT INTO client (id, first_name, last_name, email_address, phone_number) VALUES (167, "Eli", "Gonzales", "eli.gonzales736@gmail.com", "617-023-1030");
INSERT INTO client (id, first_name, last_name, email_address, phone_number) VALUES (168, "Harper", "Wright", "harper.wright403@gmail.com", "718-953-8054");
INSERT INTO client (id, first_name, last_name, email_address, phone_number) VALUES (169, "Aria", "Henderson", "aria.henderson383@gmail.com", "617-939-1193");
INSERT INTO client (id, first_name, last_name, email_address, phone_number) VALUES (170, "Chloe", "Diaz", "chloe.diaz548@gmail.com", "215-646-8709");
INSERT INTO client (id, first_name, last_name, email_address, phone_number) VALUES (171, "Chloe", "Cox", "chloe.cox607@gmail.com", "215-640-4159");
INSERT INTO client (id, first_name, last_name, email_address, phone_number) VALUES (172, "Oliver", "Flores", "oliver.flores358@gmail.com", "929-393-5275");
INSERT INTO client (id, first_name, last_name, email_address, phone_number) VALUES (173, "Oliver", "Brooks", "oliver.brooks061@gmail.com", "215-145-0731");
INSERT INTO client (id, first_name, last_name, email_address, phone_number) VALUES (174, "Lillian", "Patterson", "lillian.patterson113@gmail.com", "917-928-5790");
INSERT INTO client (id, first_name, last_name, email_address, phone_number) VALUES (175, "Elena", "Cook", "elena.cook320@gmail.com", "718-079-6149");
INSERT INTO client (id, first_name, last_name, email_address, phone_number) VALUES (176, "Scarlett", "Turner", "scarlett.turner140@gmail.com", "929-627-7318");
INSERT INTO client (id, first_name, last_name, email_address, phone_number) VALUES (177, "Zoey", "Wright", "zoey.wright104@gmail.com", "445-419-8372");
INSERT INTO client (id, first_name, last_name, email_address, phone_number) VALUES (178, "Sophia", "Bailey", "sophia.bailey524@gmail.com", "215-130-2704");
INSERT INTO client (id, first_name, last_name, email_address, phone_number) VALUES (179, "Grayson", "Hall", "grayson.hall609@gmail.com", "347-518-9154");
INSERT INTO client (id, first_name, last_name, email_address, phone_number) VALUES (180, "Lillian", "Butler", "lillian.butler909@gmail.com", "929-429-7509");
INSERT INTO client (id, first_name, last_name, email_address, phone_number) VALUES (181, "Sofia", "Thomas", "sofia.thomas146@gmail.com", "215-343-8086");
INSERT INTO client (id, first_name, last_name, email_address, phone_number) VALUES (182, "Logan", "Campbell", "logan.campbell893@gmail.com", "267-092-6324");
INSERT INTO client (id, first_name, last_name, email_address, phone_number) VALUES (183, "Ella", "Garcia", "ella.garcia566@gmail.com", "857-019-7206");
INSERT INTO client (id, first_name, last_name, email_address, phone_number) VALUES (184, "Nora", "Foster", "nora.foster049@gmail.com", "215-208-7663");
INSERT INTO client (id, first_name, last_name, email_address, phone_number) VALUES (185, "Avery", "Lewis", "avery.lewis624@gmail.com", "929-190-5834");
INSERT INTO client (id, first_name, last_name, email_address, phone_number) VALUES (186, "Aaliyah", "Cook", "aaliyah.cook668@gmail.com", "267-742-4765");
INSERT INTO client (id, first_name, last_name, email_address, phone_number) VALUES (187, "Sophie", "James", "sophie.james260@gmail.com", "718-995-8073");
INSERT INTO client (id, first_name, last_name, email_address, phone_number) VALUES (188, "Penelope", "Powell", "penelope.powell428@gmail.com", "857-511-5759");
INSERT INTO client (id, first_name, last_name, email_address, phone_number) VALUES (189, "Emily", "Jenkins", "emily.jenkins291@gmail.com", "215-512-3902");
INSERT INTO client (id, first_name, last_name, email_address, phone_number) VALUES (190, "Paisley", "Coleman", "paisley.coleman890@gmail.com", "617-010-0654");
INSERT INTO client (id, first_name, last_name, email_address, phone_number) VALUES (191, "Elena", "Reed", "elena.reed685@gmail.com", "617-306-6349");
INSERT INTO client (id, first_name, last_name, email_address, phone_number) VALUES (192, "Ethan", "Clark", "ethan.clark271@gmail.com", "929-270-9185");
INSERT INTO client (id, first_name, last_name, email_address, phone_number) VALUES (193, "Lily", "Johnson", "lily.johnson679@gmail.com", "917-870-0342");
INSERT INTO client (id, first_name, last_name, email_address, phone_number) VALUES (194, "Nora", "Morris", "nora.morris738@gmail.com", "445-988-0043");
INSERT INTO client (id, first_name, last_name, email_address, phone_number) VALUES (195, "Nora", "Jones", "nora.jones272@gmail.com", "857-749-4700");
INSERT INTO client (id, first_name, last_name, email_address, phone_number) VALUES (196, "Eleanor", "Edwards", "eleanor.edwards224@gmail.com", "267-031-9035");
INSERT INTO client (id, first_name, last_name, email_address, phone_number) VALUES (197, "Aiden", "Patterson", "aiden.patterson892@gmail.com", "347-004-4406");
INSERT INTO client (id, first_name, last_name, email_address, phone_number) VALUES (198, "Nora", "Rodriguez", "nora.rodriguez829@gmail.com", "917-081-5136");
INSERT INTO client (id, first_name, last_name, email_address, phone_number) VALUES (199, "Aria", "Ward", "aria.ward408@gmail.com", "857-531-2050");
INSERT INTO client (id, first_name, last_name, email_address, phone_number) VALUES (200, "Aurora", "Reed", "aurora.reed919@gmail.com", "917-392-1200");
INSERT INTO client (id, first_name, last_name, email_address, phone_number) VALUES (201, "Nathan", "Taylor", "nathan.taylor079@gmail.com", "267-132-8117");
INSERT INTO client (id, first_name, last_name, email_address, phone_number) VALUES (202, "Daniel", "Perez", "daniel.perez339@gmail.com", "445-415-3940");
INSERT INTO client (id, first_name, last_name, email_address, phone_number) VALUES (203, "Isla", "Barnes", "isla.barnes739@gmail.com", "445-780-4475");
INSERT INTO client (id, first_name, last_name, email_address, phone_number) VALUES (204, "Emilia", "Bryant", "emilia.bryant678@gmail.com", "917-865-7498");
INSERT INTO client (id, first_name, last_name, email_address, phone_number) VALUES (205, "Harper", "Garcia", "harper.garcia062@gmail.com", "929-485-6317");
INSERT INTO client (id, first_name, last_name, email_address, phone_number) VALUES (206, "Zoey", "Miller", "zoey.miller823@gmail.com", "445-609-8215");
INSERT INTO client (id, first_name, last_name, email_address, phone_number) VALUES (207, "Ethan", "Wright", "ethan.wright994@gmail.com", "617-148-3004");
INSERT INTO client (id, first_name, last_name, email_address, phone_number) VALUES (208, "Grace", "Sanders", "grace.sanders096@gmail.com", "857-529-2979");
INSERT INTO client (id, first_name, last_name, email_address, phone_number) VALUES (209, "Evelyn", "Parker", "evelyn.parker740@gmail.com", "617-560-6515");
INSERT INTO client (id, first_name, last_name, email_address, phone_number) VALUES (210, "Charlotte", "Young", "charlotte.young127@gmail.com", "617-567-0843");
INSERT INTO client (id, first_name, last_name, email_address, phone_number) VALUES (211, "Sofia", "Jenkins", "sofia.jenkins575@gmail.com", "267-945-5788");
INSERT INTO client (id, first_name, last_name, email_address, phone_number) VALUES (212, "Addison", "Torres", "addison.torres754@gmail.com", "617-332-4181");
INSERT INTO client (id, first_name, last_name, email_address, phone_number) VALUES (213, "Sophia", "Hill", "sophia.hill106@gmail.com", "617-838-0938");
INSERT INTO client (id, first_name, last_name, email_address, phone_number) VALUES (214, "Brooklyn", "Miller", "brooklyn.miller963@gmail.com", "929-221-9052");
INSERT INTO client (id, first_name, last_name, email_address, phone_number) VALUES (215, "Lily", "Alexander", "lily.alexander659@gmail.com", "718-536-8134");
INSERT INTO client (id, first_name, last_name, email_address, phone_number) VALUES (216, "Abigail", "Washington", "abigail.washington118@gmail.com", "347-031-1834");
INSERT INTO client (id, first_name, last_name, email_address, phone_number) VALUES (217, "Grace", "Morris", "grace.morris849@gmail.com", "617-430-6773");
INSERT INTO client (id, first_name, last_name, email_address, phone_number) VALUES (218, "Grace", "Mitchell", "grace.mitchell784@gmail.com", "917-635-7326");
INSERT INTO client (id, first_name, last_name, email_address, phone_number) VALUES (219, "Hazel", "Edwards", "hazel.edwards053@gmail.com", "857-041-7578");
INSERT INTO client (id, first_name, last_name, email_address, phone_number) VALUES (220, "Ella", "Bennett", "ella.bennett727@gmail.com", "215-074-5763");
INSERT INTO client (id, first_name, last_name, email_address, phone_number) VALUES (221, "Scarlett", "Simmons", "scarlett.simmons682@gmail.com", "857-846-0448");
INSERT INTO client (id, first_name, last_name, email_address, phone_number) VALUES (222, "Aaliyah", "Torres", "aaliyah.torres324@gmail.com", "617-007-5516");
INSERT INTO client (id, first_name, last_name, email_address, phone_number) VALUES (223, "Sofia", "Miller", "sofia.miller306@gmail.com", "617-546-0897");
INSERT INTO client (id, first_name, last_name, email_address, phone_number) VALUES (224, "Aria", "Cook", "aria.cook858@gmail.com", "917-203-9976");
INSERT INTO client (id, first_name, last_name, email_address, phone_number) VALUES (225, "Zoey", "Allen", "zoey.allen308@gmail.com", "929-902-3183");
INSERT INTO client (id, first_name, last_name, email_address, phone_number) VALUES (226, "Abigail", "Taylor", "abigail.taylor178@gmail.com", "347-495-9328");
INSERT INTO client (id, first_name, last_name, email_address, phone_number) VALUES (227, "Amelia", "Ramirez", "amelia.ramirez099@gmail.com", "857-094-9325");
INSERT INTO client (id, first_name, last_name, email_address, phone_number) VALUES (228, "Nathan", "Howard", "nathan.howard384@gmail.com", "929-785-1374");
INSERT INTO client (id, first_name, last_name, email_address, phone_number) VALUES (229, "Nora", "Wood", "nora.wood084@gmail.com", "445-620-8941");
INSERT INTO client (id, first_name, last_name, email_address, phone_number) VALUES (230, "Owen", "Wood", "owen.wood607@gmail.com", "917-527-2976");
INSERT INTO client (id, first_name, last_name, email_address, phone_number) VALUES (231, "Harper", "Edwards", "harper.edwards922@gmail.com", "617-624-7342");
INSERT INTO client (id, first_name, last_name, email_address, phone_number) VALUES (232, "Lillian", "King", "lillian.king410@gmail.com", "718-920-7545");
INSERT INTO client (id, first_name, last_name, email_address, phone_number) VALUES (233, "Layla", "Bailey", "layla.bailey842@gmail.com", "929-857-6647");
INSERT INTO client (id, first_name, last_name, email_address, phone_number) VALUES (234, "Logan", "Williams", "logan.williams591@gmail.com", "267-714-5694");
INSERT INTO client (id, first_name, last_name, email_address, phone_number) VALUES (235, "Abigail", "Johnson", "abigail.johnson663@gmail.com", "445-583-7461");
INSERT INTO client (id, first_name, last_name, email_address, phone_number) VALUES (236, "Addison", "Clark", "addison.clark388@gmail.com", "857-795-5132");
INSERT INTO client (id, first_name, last_name, email_address, phone_number) VALUES (237, "Ava", "Morgan", "ava.morgan486@gmail.com", "929-022-4366");
INSERT INTO client (id, first_name, last_name, email_address, phone_number) VALUES (238, "Aria", "Taylor", "aria.taylor720@gmail.com", "857-840-6740");
INSERT INTO client (id, first_name, last_name, email_address, phone_number) VALUES (239, "Elena", "Griffin", "elena.griffin746@gmail.com", "917-975-8788");
INSERT INTO client (id, first_name, last_name, email_address, phone_number) VALUES (240, "Avery", "Morris", "avery.morris674@gmail.com", "857-549-6238");
INSERT INTO client (id, first_name, last_name, email_address, phone_number) VALUES (241, "Aria", "Cook", "aria.cook930@gmail.com", "347-178-3234");
INSERT INTO client (id, first_name, last_name, email_address, phone_number) VALUES (242, "Hazel", "Jones", "hazel.jones080@gmail.com", "718-151-6497");
INSERT INTO client (id, first_name, last_name, email_address, phone_number) VALUES (243, "Carter", "Ross", "carter.ross712@gmail.com", "718-587-9799");
INSERT INTO client (id, first_name, last_name, email_address, phone_number) VALUES (244, "Elijah", "Price", "elijah.price863@gmail.com", "617-837-9481");
INSERT INTO client (id, first_name, last_name, email_address, phone_number) VALUES (245, "Madison", "Turner", "madison.turner319@gmail.com", "347-614-5614");
INSERT INTO client (id, first_name, last_name, email_address, phone_number) VALUES (246, "Daniel", "Williams", "daniel.williams900@gmail.com", "857-054-4122");
INSERT INTO client (id, first_name, last_name, email_address, phone_number) VALUES (247, "Lucas", "Thompson", "lucas.thompson019@gmail.com", "929-306-3921");
INSERT INTO client (id, first_name, last_name, email_address, phone_number) VALUES (248, "Aubrey", "Wright", "aubrey.wright767@gmail.com", "929-912-2488");
INSERT INTO client (id, first_name, last_name, email_address, phone_number) VALUES (249, "Harper", "Lewis", "harper.lewis659@gmail.com", "917-562-4920");
INSERT INTO client (id, first_name, last_name, email_address, phone_number) VALUES (250, "Chloe", "Rodriguez", "chloe.rodriguez442@gmail.com", "917-331-7026");
INSERT INTO client (id, first_name, last_name, email_address, phone_number) VALUES (251, "Emilia", "White", "emilia.white842@gmail.com", "857-532-3367");
INSERT INTO client (id, first_name, last_name, email_address, phone_number) VALUES (252, "Harper", "Powell", "harper.powell835@gmail.com", "445-072-4919");
INSERT INTO client (id, first_name, last_name, email_address, phone_number) VALUES (253, "Chloe", "Hernandez", "chloe.hernandez121@gmail.com", "445-567-4732");
INSERT INTO client (id, first_name, last_name, email_address, phone_number) VALUES (254, "Evelyn", "Johnson", "evelyn.johnson469@gmail.com", "857-849-2449");
INSERT INTO client (id, first_name, last_name, email_address, phone_number) VALUES (255, "Scarlett", "Foster", "scarlett.foster745@gmail.com", "929-755-4474");
INSERT INTO client (id, first_name, last_name, email_address, phone_number) VALUES (256, "Brooklyn", "Butler", "brooklyn.butler052@gmail.com", "445-269-6315");
INSERT INTO client (id, first_name, last_name, email_address, phone_number) VALUES (257, "Daniel", "Miller", "daniel.miller597@gmail.com", "347-894-0975");
INSERT INTO client (id, first_name, last_name, email_address, phone_number) VALUES (258, "Lillian", "Baker", "lillian.baker033@gmail.com", "917-415-8100");
INSERT INTO client (id, first_name, last_name, email_address, phone_number) VALUES (259, "Avery", "Butler", "avery.butler125@gmail.com", "617-850-1498");
INSERT INTO client (id, first_name, last_name, email_address, phone_number) VALUES (260, "Grace", "Anderson", "grace.anderson510@gmail.com", "917-779-2158");
INSERT INTO client (id, first_name, last_name, email_address, phone_number) VALUES (261, "Aria", "Diaz", "aria.diaz225@gmail.com", "215-144-8111");
INSERT INTO client (id, first_name, last_name, email_address, phone_number) VALUES (262, "Noah", "Moore", "noah.moore735@gmail.com", "347-221-9916");
INSERT INTO client (id, first_name, last_name, email_address, phone_number) VALUES (263, "Nora", "Barnes", "nora.barnes219@gmail.com", "718-963-0211");
INSERT INTO client (id, first_name, last_name, email_address, phone_number) VALUES (264, "Ella", "Cooper", "ella.cooper645@gmail.com", "929-740-9420");
INSERT INTO client (id, first_name, last_name, email_address, phone_number) VALUES (265, "Aria", "Scott", "aria.scott947@gmail.com", "617-523-5198");
INSERT INTO client (id, first_name, last_name, email_address, phone_number) VALUES (266, "Abigail", "Jenkins", "abigail.jenkins490@gmail.com", "917-900-8876");
INSERT INTO client (id, first_name, last_name, email_address, phone_number) VALUES (267, "Grace", "Watson", "grace.watson947@gmail.com", "267-568-0309");
INSERT INTO client (id, first_name, last_name, email_address, phone_number) VALUES (268, "Charlotte", "Powell", "charlotte.powell878@gmail.com", "215-000-5443");
INSERT INTO client (id, first_name, last_name, email_address, phone_number) VALUES (269, "Harper", "Rodriguez", "harper.rodriguez310@gmail.com", "929-447-2930");
INSERT INTO client (id, first_name, last_name, email_address, phone_number) VALUES (270, "Brooklyn", "Ramirez", "brooklyn.ramirez710@gmail.com", "857-556-4089");
INSERT INTO client (id, first_name, last_name, email_address, phone_number) VALUES (271, "Aiden", "Morgan", "aiden.morgan420@gmail.com", "718-975-7451");
INSERT INTO client (id, first_name, last_name, email_address, phone_number) VALUES (272, "Aria", "Campbell", "aria.campbell094@gmail.com", "347-606-0695");
INSERT INTO client (id, first_name, last_name, email_address, phone_number) VALUES (273, "Chloe", "James", "chloe.james454@gmail.com", "857-936-4479");
INSERT INTO client (id, first_name, last_name, email_address, phone_number) VALUES (274, "Aiden", "Williams", "aiden.williams059@gmail.com", "347-617-8435");
INSERT INTO client (id, first_name, last_name, email_address, phone_number) VALUES (275, "Zoey", "Rodriguez", "zoey.rodriguez238@gmail.com", "617-090-3127");
INSERT INTO client (id, first_name, last_name, email_address, phone_number) VALUES (276, "Ellie", "Torres", "ellie.torres471@gmail.com", "347-957-6693");
INSERT INTO client (id, first_name, last_name, email_address, phone_number) VALUES (277, "Jackson", "Washington", "jackson.washington568@gmail.com", "917-532-8994");
INSERT INTO client (id, first_name, last_name, email_address, phone_number) VALUES (278, "Aaliyah", "James", "aaliyah.james357@gmail.com", "215-202-0205");
INSERT INTO client (id, first_name, last_name, email_address, phone_number) VALUES (279, "Ella", "Perry", "ella.perry553@gmail.com", "718-015-8905");
INSERT INTO client (id, first_name, last_name, email_address, phone_number) VALUES (280, "Eli", "Hill", "eli.hill555@gmail.com", "857-132-7473");
INSERT INTO client (id, first_name, last_name, email_address, phone_number) VALUES (281, "Ethan", "Watson", "ethan.watson018@gmail.com", "857-355-5163");
INSERT INTO client (id, first_name, last_name, email_address, phone_number) VALUES (282, "Charlotte", "Scott", "charlotte.scott856@gmail.com", "347-652-3579");
INSERT INTO client (id, first_name, last_name, email_address, phone_number) VALUES (283, "Madison", "Reed", "madison.reed113@gmail.com", "917-205-4114");
INSERT INTO client (id, first_name, last_name, email_address, phone_number) VALUES (284, "Aria", "Ross", "aria.ross550@gmail.com", "929-624-6314");
INSERT INTO client (id, first_name, last_name, email_address, phone_number) VALUES (285, "Ethan", "Jones", "ethan.jones798@gmail.com", "917-437-4744");
INSERT INTO client (id, first_name, last_name, email_address, phone_number) VALUES (286, "Camila", "Gonzalez", "camila.gonzalez243@gmail.com", "617-912-2279");
INSERT INTO client (id, first_name, last_name, email_address, phone_number) VALUES (287, "Layla", "Barnes", "layla.barnes764@gmail.com", "347-621-4787");
INSERT INTO client (id, first_name, last_name, email_address, phone_number) VALUES (288, "Sofia", "Simmons", "sofia.simmons780@gmail.com", "445-640-5985");
INSERT INTO client (id, first_name, last_name, email_address, phone_number) VALUES (289, "Chloe", "Edwards", "chloe.edwards830@gmail.com", "718-049-7136");
INSERT INTO client (id, first_name, last_name, email_address, phone_number) VALUES (290, "Elijah", "Rogers", "elijah.rogers081@gmail.com", "347-023-9747");
INSERT INTO client (id, first_name, last_name, email_address, phone_number) VALUES (291, "Scarlett", "Watson", "scarlett.watson805@gmail.com", "917-244-7736");
INSERT INTO client (id, first_name, last_name, email_address, phone_number) VALUES (292, "Scarlett", "Brooks", "scarlett.brooks426@gmail.com", "718-002-1929");
INSERT INTO client (id, first_name, last_name, email_address, phone_number) VALUES (293, "Riley", "Evans", "riley.evans973@gmail.com", "215-256-2773");
INSERT INTO client (id, first_name, last_name, email_address, phone_number) VALUES (294, "Lucas", "Lee", "lucas.lee404@gmail.com", "917-119-8000");
INSERT INTO client (id, first_name, last_name, email_address, phone_number) VALUES (295, "Michael", "Roberts", "michael.roberts839@gmail.com", "347-782-1874");
INSERT INTO client (id, first_name, last_name, email_address, phone_number) VALUES (296, "James", "Torres", "james.torres265@gmail.com", "929-033-2991");
INSERT INTO client (id, first_name, last_name, email_address, phone_number) VALUES (297, "Benjamin", "Peterson", "benjamin.peterson744@gmail.com", "718-563-3101");
INSERT INTO client (id, first_name, last_name, email_address, phone_number) VALUES (298, "Hannah", "Gonzales", "hannah.gonzales670@gmail.com", "718-283-2918");
INSERT INTO client (id, first_name, last_name, email_address, phone_number) VALUES (299, "Olivia", "Rogers", "olivia.rogers780@gmail.com", "617-810-2734");
INSERT INTO client (id, first_name, last_name, email_address, phone_number) VALUES (300, "Zoey", "Miller", "zoey.miller951@gmail.com", "617-106-3985");
INSERT INTO client (id, first_name, last_name, email_address, phone_number) VALUES (301, "Elijah", "Walker", "elijah.walker302@gmail.com", "617-728-4059");
INSERT INTO client (id, first_name, last_name, email_address, phone_number) VALUES (302, "James", "Price", "james.price254@gmail.com", "445-311-6129");
INSERT INTO client (id, first_name, last_name, email_address, phone_number) VALUES (303, "Aria", "Foster", "aria.foster752@gmail.com", "267-636-5821");
INSERT INTO client (id, first_name, last_name, email_address, phone_number) VALUES (304, "Eleanor", "Wilson", "eleanor.wilson409@gmail.com", "857-261-6595");
INSERT INTO client (id, first_name, last_name, email_address, phone_number) VALUES (305, "Lily", "Torres", "lily.torres420@gmail.com", "617-674-0945");
INSERT INTO client (id, first_name, last_name, email_address, phone_number) VALUES (306, "Madison", "Torres", "madison.torres110@gmail.com", "857-924-6376");
INSERT INTO client (id, first_name, last_name, email_address, phone_number) VALUES (307, "Amelia", "Powell", "amelia.powell966@gmail.com", "929-807-3533");
INSERT INTO client (id, first_name, last_name, email_address, phone_number) VALUES (308, "Harper", "Collins", "harper.collins210@gmail.com", "718-131-0620");
INSERT INTO client (id, first_name, last_name, email_address, phone_number) VALUES (309, "Jackson", "Ward", "jackson.ward297@gmail.com", "929-699-1858");
INSERT INTO client (id, first_name, last_name, email_address, phone_number) VALUES (310, "Eleanor", "Howard", "eleanor.howard482@gmail.com", "718-821-4607");
INSERT INTO client (id, first_name, last_name, email_address, phone_number) VALUES (311, "Scarlett", "Murphy", "scarlett.murphy581@gmail.com", "267-915-1228");
INSERT INTO client (id, first_name, last_name, email_address, phone_number) VALUES (312, "Avery", "Lewis", "avery.lewis195@gmail.com", "917-561-1094");
INSERT INTO client (id, first_name, last_name, email_address, phone_number) VALUES (313, "Aubrey", "Sanchez", "aubrey.sanchez164@gmail.com", "617-154-3519");
INSERT INTO client (id, first_name, last_name, email_address, phone_number) VALUES (314, "Olivia", "Carter", "olivia.carter170@gmail.com", "929-236-4193");
INSERT INTO client (id, first_name, last_name, email_address, phone_number) VALUES (315, "Jackson", "James", "jackson.james742@gmail.com", "445-257-2277");
INSERT INTO client (id, first_name, last_name, email_address, phone_number) VALUES (316, "Emma", "Hughes", "emma.hughes117@gmail.com", "617-439-4291");
INSERT INTO client (id, first_name, last_name, email_address, phone_number) VALUES (317, "Lily", "Moore", "lily.moore825@gmail.com", "929-852-8942");
INSERT INTO client (id, first_name, last_name, email_address, phone_number) VALUES (318, "Isabella", "Richardson", "isabella.richardson922@gmail.com", "347-737-0749");
INSERT INTO client (id, first_name, last_name, email_address, phone_number) VALUES (319, "Eleanor", "Green", "eleanor.green407@gmail.com", "267-417-0576");
INSERT INTO client (id, first_name, last_name, email_address, phone_number) VALUES (320, "Aiden", "Torres", "aiden.torres724@gmail.com", "857-049-6862");
INSERT INTO client (id, first_name, last_name, email_address, phone_number) VALUES (321, "Eli", "Harris", "eli.harris607@gmail.com", "718-267-9587");
INSERT INTO client (id, first_name, last_name, email_address, phone_number) VALUES (322, "Matthew", "Griffin", "matthew.griffin468@gmail.com", "215-265-6064");
INSERT INTO client (id, first_name, last_name, email_address, phone_number) VALUES (323, "Grayson", "Martin", "grayson.martin562@gmail.com", "445-532-2681");
INSERT INTO client (id, first_name, last_name, email_address, phone_number) VALUES (324, "Madison", "Barnes", "madison.barnes513@gmail.com", "857-926-1555");
INSERT INTO client (id, first_name, last_name, email_address, phone_number) VALUES (325, "Aiden", "Richardson", "aiden.richardson393@gmail.com", "929-680-9475");
INSERT INTO client (id, first_name, last_name, email_address, phone_number) VALUES (326, "Brooklyn", "Ross", "brooklyn.ross239@gmail.com", "347-903-4550");
INSERT INTO client (id, first_name, last_name, email_address, phone_number) VALUES (327, "Layla", "Howard", "layla.howard226@gmail.com", "917-410-6775");
INSERT INTO client (id, first_name, last_name, email_address, phone_number) VALUES (328, "Madison", "Thomas", "madison.thomas477@gmail.com", "718-000-4776");
INSERT INTO client (id, first_name, last_name, email_address, phone_number) VALUES (329, "Madison", "Ramirez", "madison.ramirez316@gmail.com", "917-371-0691");
INSERT INTO client (id, first_name, last_name, email_address, phone_number) VALUES (330, "Layla", "Carter", "layla.carter680@gmail.com", "718-007-0667");
INSERT INTO client (id, first_name, last_name, email_address, phone_number) VALUES (331, "Mason", "Hughes", "mason.hughes596@gmail.com", "445-927-7866");
INSERT INTO client (id, first_name, last_name, email_address, phone_number) VALUES (332, "James", "Smith", "james.smith452@gmail.com", "267-259-7242");
INSERT INTO client (id, first_name, last_name, email_address, phone_number) VALUES (333, "Ella", "Roberts", "ella.roberts894@gmail.com", "445-238-2974");
INSERT INTO client (id, first_name, last_name, email_address, phone_number) VALUES (334, "Samuel", "Hill", "samuel.hill755@gmail.com", "215-274-6545");
INSERT INTO client (id, first_name, last_name, email_address, phone_number) VALUES (335, "Avery", "Powell", "avery.powell658@gmail.com", "917-498-2985");
INSERT INTO client (id, first_name, last_name, email_address, phone_number) VALUES (336, "Mason", "Cook", "mason.cook673@gmail.com", "445-889-0110");
INSERT INTO client (id, first_name, last_name, email_address, phone_number) VALUES (337, "Luna", "Murphy", "luna.murphy774@gmail.com", "445-034-9509");
INSERT INTO client (id, first_name, last_name, email_address, phone_number) VALUES (338, "Emily", "Peterson", "emily.peterson042@gmail.com", "917-072-6688");
INSERT INTO client (id, first_name, last_name, email_address, phone_number) VALUES (339, "Harper", "Taylor", "harper.taylor931@gmail.com", "617-681-8200");
INSERT INTO client (id, first_name, last_name, email_address, phone_number) VALUES (340, "Aria", "Wilson", "aria.wilson267@gmail.com", "215-329-3827");
INSERT INTO client (id, first_name, last_name, email_address, phone_number) VALUES (341, "Lily", "Lopez", "lily.lopez850@gmail.com", "857-656-8697");
INSERT INTO client (id, first_name, last_name, email_address, phone_number) VALUES (342, "Ellie", "Sanchez", "ellie.sanchez688@gmail.com", "617-352-7678");

INSERT INTO contract (id, property_id, listing_type_id, contract_document, responsible_employee_id, client_id, contract_status_id, signed_date, start_date, end_date, price) VALUES (0, 340, 0, "Lease Agreement No. 9372", 15, 105, 0, "2014-11-18", "2014-11-18", "2022-10-14", 3800.0);
INSERT INTO contract (id, property_id, listing_type_id, contract_document, responsible_employee_id, client_id, contract_status_id, signed_date, start_date, end_date, price) VALUES (1, 306, 1, "Sales and Purchase Agreement No. 3658", 1, 288, 0, "2010-10-08", NULL, NULL, 440900.0);
INSERT INTO contract (id, property_id, listing_type_id, contract_document, responsible_employee_id, client_id, contract_status_id, signed_date, start_date, end_date, price) VALUES (2, 197, 0, "Lease Agreement No. 4186", 0, 127, 0, "2013-07-11", "2013-07-11", "2026-01-18", 1100.0);
INSERT INTO contract (id, property_id, listing_type_id, contract_document, responsible_employee_id, client_id, contract_status_id, signed_date, start_date, end_date, price) VALUES (3, 62, 1, "Sales and Purchase Agreement No. 9879", 17, 316, 0, "2016-07-28", NULL, NULL, 721800.0);
INSERT INTO contract (id, property_id, listing_type_id, contract_document, responsible_employee_id, client_id, contract_status_id, signed_date, start_date, end_date, price) VALUES (4, 261, 1, "Sales and Purchase Agreement No. 3791", 18, 284, 0, "2011-03-20", NULL, NULL, 242900.0);
INSERT INTO contract (id, property_id, listing_type_id, contract_document, responsible_employee_id, client_id, contract_status_id, signed_date, start_date, end_date, price) VALUES (5, 341, 0, "Lease Agreement No. 1862", 3, 48, 0, "2022-08-22", "2022-08-22", "2024-10-19", 1000.0);
INSERT INTO contract (id, property_id, listing_type_id, contract_document, responsible_employee_id, client_id, contract_status_id, signed_date, start_date, end_date, price) VALUES (6, 219, 0, "Lease Agreement No. 4080", 9, 58, 0, "2010-01-27", "2010-01-27", "2022-12-20", 9200.0);
INSERT INTO contract (id, property_id, listing_type_id, contract_document, responsible_employee_id, client_id, contract_status_id, signed_date, start_date, end_date, price) VALUES (7, 24, 1, "Sales and Purchase Agreement No. 3013", 6, 102, 0, "2010-12-20", NULL, NULL, 1997000.0);
INSERT INTO contract (id, property_id, listing_type_id, contract_document, responsible_employee_id, client_id, contract_status_id, signed_date, start_date, end_date, price) VALUES (8, 239, 1, "Sales and Purchase Agreement No. 8658", 2, 104, 0, "2014-03-22", NULL, NULL, 113100.0);
INSERT INTO contract (id, property_id, listing_type_id, contract_document, responsible_employee_id, client_id, contract_status_id, signed_date, start_date, end_date, price) VALUES (9, 320, 1, "Sales and Purchase Agreement No. 9260", 17, 46, 0, "2017-04-23", NULL, NULL, 280300.0);
INSERT INTO contract (id, property_id, listing_type_id, contract_document, responsible_employee_id, client_id, contract_status_id, signed_date, start_date, end_date, price) VALUES (10, 328, 0, "Lease Agreement No. 9163", 18, 232, 0, "2021-08-03", "2021-08-03", "2026-06-11", 7100.0);
INSERT INTO contract (id, property_id, listing_type_id, contract_document, responsible_employee_id, client_id, contract_status_id, signed_date, start_date, end_date, price) VALUES (11, 93, 1, "Sales and Purchase Agreement No. 4662", 12, 215, 0, "2019-03-26", NULL, NULL, 1271400.0);
INSERT INTO contract (id, property_id, listing_type_id, contract_document, responsible_employee_id, client_id, contract_status_id, signed_date, start_date, end_date, price) VALUES (12, 118, 1, "Sales and Purchase Agreement No. 7521", 11, 201, 0, "2020-12-17", NULL, NULL, 701800.0);
INSERT INTO contract (id, property_id, listing_type_id, contract_document, responsible_employee_id, client_id, contract_status_id, signed_date, start_date, end_date, price) VALUES (13, 249, 0, "Lease Agreement No. 3776", 19, 170, 0, "2021-02-16", "2021-02-16", "2022-02-01", 75100.0);
INSERT INTO contract (id, property_id, listing_type_id, contract_document, responsible_employee_id, client_id, contract_status_id, signed_date, start_date, end_date, price) VALUES (14, 27, 0, "Lease Agreement No. 2085", 2, 312, 0, "2023-12-07", "2023-12-07", "2025-03-02", 4200.0);
INSERT INTO contract (id, property_id, listing_type_id, contract_document, responsible_employee_id, client_id, contract_status_id, signed_date, start_date, end_date, price) VALUES (15, 204, 1, "Sales and Purchase Agreement No. 9662", 6, 61, 0, "2022-05-09", NULL, NULL, 827200.0);
INSERT INTO contract (id, property_id, listing_type_id, contract_document, responsible_employee_id, client_id, contract_status_id, signed_date, start_date, end_date, price) VALUES (16, 274, 1, "Sales and Purchase Agreement No. 9620", 3, 216, 0, "2020-08-04", NULL, NULL, 699100.0);
INSERT INTO contract (id, property_id, listing_type_id, contract_document, responsible_employee_id, client_id, contract_status_id, signed_date, start_date, end_date, price) VALUES (17, 78, 0, "Lease Agreement No. 5481", 4, 14, 0, "2022-08-03", "2022-08-03", "2026-02-06", 2700.0);
INSERT INTO contract (id, property_id, listing_type_id, contract_document, responsible_employee_id, client_id, contract_status_id, signed_date, start_date, end_date, price) VALUES (18, 200, 1, "Sales and Purchase Agreement No. 3485", 7, 195, 0, "2019-09-24", NULL, NULL, 153700.0);
INSERT INTO contract (id, property_id, listing_type_id, contract_document, responsible_employee_id, client_id, contract_status_id, signed_date, start_date, end_date, price) VALUES (19, 82, 1, "Sales and Purchase Agreement No. 994", 7, 210, 0, "2017-04-02", NULL, NULL, 708600.0);
INSERT INTO contract (id, property_id, listing_type_id, contract_document, responsible_employee_id, client_id, contract_status_id, signed_date, start_date, end_date, price) VALUES (20, 107, 1, "Sales and Purchase Agreement No. 6962", 5, 291, 0, "2020-05-25", NULL, NULL, 280900.0);
INSERT INTO contract (id, property_id, listing_type_id, contract_document, responsible_employee_id, client_id, contract_status_id, signed_date, start_date, end_date, price) VALUES (21, 232, 1, "Sales and Purchase Agreement No. 7820", 11, 17, 0, "2014-12-24", NULL, NULL, 1032200.0);
INSERT INTO contract (id, property_id, listing_type_id, contract_document, responsible_employee_id, client_id, contract_status_id, signed_date, start_date, end_date, price) VALUES (22, 285, 1, "Sales and Purchase Agreement No. 20", 4, 333, 0, "2014-06-04", NULL, NULL, 205400.0);
INSERT INTO contract (id, property_id, listing_type_id, contract_document, responsible_employee_id, client_id, contract_status_id, signed_date, start_date, end_date, price) VALUES (23, 116, 0, "Lease Agreement No. 9758", 17, 26, 0, "2010-10-22", "2010-10-22", "2014-10-29", 2600.0);
INSERT INTO contract (id, property_id, listing_type_id, contract_document, responsible_employee_id, client_id, contract_status_id, signed_date, start_date, end_date, price) VALUES (24, 235, 1, "Sales and Purchase Agreement No. 5085", 18, 71, 0, "2020-06-13", NULL, NULL, 1242200.0);
INSERT INTO contract (id, property_id, listing_type_id, contract_document, responsible_employee_id, client_id, contract_status_id, signed_date, start_date, end_date, price) VALUES (25, 215, 1, "Sales and Purchase Agreement No. 6625", 11, 94, 0, "2018-12-22", NULL, NULL, 735800.0);
INSERT INTO contract (id, property_id, listing_type_id, contract_document, responsible_employee_id, client_id, contract_status_id, signed_date, start_date, end_date, price) VALUES (26, 275, 1, "Sales and Purchase Agreement No. 4395", 19, 10, 0, "2022-12-09", NULL, NULL, 1814400.0);
INSERT INTO contract (id, property_id, listing_type_id, contract_document, responsible_employee_id, client_id, contract_status_id, signed_date, start_date, end_date, price) VALUES (27, 216, 0, "Lease Agreement No. 3376", 17, 5, 0, "2015-04-22", "2015-04-22", "2024-06-16", 5100.0);
INSERT INTO contract (id, property_id, listing_type_id, contract_document, responsible_employee_id, client_id, contract_status_id, signed_date, start_date, end_date, price) VALUES (28, 304, 1, "Sales and Purchase Agreement No. 1473", 4, 158, 0, "2018-05-12", NULL, NULL, 341400.0);
INSERT INTO contract (id, property_id, listing_type_id, contract_document, responsible_employee_id, client_id, contract_status_id, signed_date, start_date, end_date, price) VALUES (29, 276, 1, "Sales and Purchase Agreement No. 399", 14, 273, 0, "2017-12-18", NULL, NULL, 128100.0);
INSERT INTO contract (id, property_id, listing_type_id, contract_document, responsible_employee_id, client_id, contract_status_id, signed_date, start_date, end_date, price) VALUES (30, 177, 0, "Lease Agreement No. 8885", 10, 184, 0, "2017-08-23", "2017-08-23", "2024-04-25", 13700.0);
INSERT INTO contract (id, property_id, listing_type_id, contract_document, responsible_employee_id, client_id, contract_status_id, signed_date, start_date, end_date, price) VALUES (31, 310, 1, "Sales and Purchase Agreement No. 4062", 12, 124, 0, "2016-02-21", NULL, NULL, 80900.0);
INSERT INTO contract (id, property_id, listing_type_id, contract_document, responsible_employee_id, client_id, contract_status_id, signed_date, start_date, end_date, price) VALUES (32, 254, 0, "Lease Agreement No. 7832", 1, 120, 0, "2020-07-05", "2020-07-05", "2023-03-25", 4800.0);
INSERT INTO contract (id, property_id, listing_type_id, contract_document, responsible_employee_id, client_id, contract_status_id, signed_date, start_date, end_date, price) VALUES (33, 51, 0, "Lease Agreement No. 8984", 19, 31, 0, "2019-02-22", "2019-02-22", "2019-06-04", 8600.0);
INSERT INTO contract (id, property_id, listing_type_id, contract_document, responsible_employee_id, client_id, contract_status_id, signed_date, start_date, end_date, price) VALUES (34, 40, 1, "Sales and Purchase Agreement No. 259", 9, 126, 0, "2016-04-09", NULL, NULL, 485900.0);
INSERT INTO contract (id, property_id, listing_type_id, contract_document, responsible_employee_id, client_id, contract_status_id, signed_date, start_date, end_date, price) VALUES (35, 81, 0, "Lease Agreement No. 945", 1, 220, 0, "2021-10-16", "2021-10-16", "2025-06-18", 84800.0);
INSERT INTO contract (id, property_id, listing_type_id, contract_document, responsible_employee_id, client_id, contract_status_id, signed_date, start_date, end_date, price) VALUES (36, 315, 0, "Lease Agreement No. 8843", 2, 279, 0, "2010-03-23", "2010-03-23", "2018-12-22", 2000.0);
INSERT INTO contract (id, property_id, listing_type_id, contract_document, responsible_employee_id, client_id, contract_status_id, signed_date, start_date, end_date, price) VALUES (37, 91, 1, "Sales and Purchase Agreement No. 9868", 7, 307, 0, "2014-06-12", NULL, NULL, 133700.0);
INSERT INTO contract (id, property_id, listing_type_id, contract_document, responsible_employee_id, client_id, contract_status_id, signed_date, start_date, end_date, price) VALUES (38, 29, 0, "Lease Agreement No. 854", 5, 169, 0, "2012-07-09", "2012-07-09", "2019-05-12", 5500.0);
INSERT INTO contract (id, property_id, listing_type_id, contract_document, responsible_employee_id, client_id, contract_status_id, signed_date, start_date, end_date, price) VALUES (39, 303, 0, "Lease Agreement No. 8693", 7, 144, 0, "2013-08-22", "2013-08-22", "2021-12-16", 1300.0);
INSERT INTO contract (id, property_id, listing_type_id, contract_document, responsible_employee_id, client_id, contract_status_id, signed_date, start_date, end_date, price) VALUES (40, 339, 1, "Sales and Purchase Agreement No. 266", 5, 228, 0, "2012-05-01", NULL, NULL, 565400.0);
INSERT INTO contract (id, property_id, listing_type_id, contract_document, responsible_employee_id, client_id, contract_status_id, signed_date, start_date, end_date, price) VALUES (41, 56, 1, "Sales and Purchase Agreement No. 6842", 11, 0, 0, "2017-05-28", NULL, NULL, 234700.0);
INSERT INTO contract (id, property_id, listing_type_id, contract_document, responsible_employee_id, client_id, contract_status_id, signed_date, start_date, end_date, price) VALUES (42, 45, 0, "Lease Agreement No. 7585", 12, 146, 0, "2010-05-11", "2010-05-11", "2023-03-13", 1100.0);
INSERT INTO contract (id, property_id, listing_type_id, contract_document, responsible_employee_id, client_id, contract_status_id, signed_date, start_date, end_date, price) VALUES (43, 149, 0, "Lease Agreement No. 513", 7, 115, 0, "2018-11-01", "2018-11-01", "2019-02-16", 1700.0);
INSERT INTO contract (id, property_id, listing_type_id, contract_document, responsible_employee_id, client_id, contract_status_id, signed_date, start_date, end_date, price) VALUES (44, 64, 1, "Sales and Purchase Agreement No. 6335", 5, 110, 0, "2012-07-11", NULL, NULL, 625400.0);
INSERT INTO contract (id, property_id, listing_type_id, contract_document, responsible_employee_id, client_id, contract_status_id, signed_date, start_date, end_date, price) VALUES (45, 34, 1, "Sales and Purchase Agreement No. 4879", 18, 36, 0, "2016-03-15", NULL, NULL, 1733400.0);
INSERT INTO contract (id, property_id, listing_type_id, contract_document, responsible_employee_id, client_id, contract_status_id, signed_date, start_date, end_date, price) VALUES (46, 257, 1, "Sales and Purchase Agreement No. 1976", 16, 82, 0, "2020-12-30", NULL, NULL, 1622600.0);
INSERT INTO contract (id, property_id, listing_type_id, contract_document, responsible_employee_id, client_id, contract_status_id, signed_date, start_date, end_date, price) VALUES (47, 66, 0, "Lease Agreement No. 3859", 2, 245, 0, "2011-07-15", "2011-07-15", "2025-02-05", 3700.0);
INSERT INTO contract (id, property_id, listing_type_id, contract_document, responsible_employee_id, client_id, contract_status_id, signed_date, start_date, end_date, price) VALUES (48, 140, 1, "Sales and Purchase Agreement No. 6090", 0, 326, 0, "2020-06-25", NULL, NULL, 930500.0);
INSERT INTO contract (id, property_id, listing_type_id, contract_document, responsible_employee_id, client_id, contract_status_id, signed_date, start_date, end_date, price) VALUES (49, 79, 0, "Lease Agreement No. 689", 12, 140, 0, "2018-01-19", "2018-01-19", "2023-06-11", 2500.0);
INSERT INTO contract (id, property_id, listing_type_id, contract_document, responsible_employee_id, client_id, contract_status_id, signed_date, start_date, end_date, price) VALUES (50, 69, 1, "Sales and Purchase Agreement No. 4041", 19, 1, 0, "2010-07-07", NULL, NULL, 300500.0);
INSERT INTO contract (id, property_id, listing_type_id, contract_document, responsible_employee_id, client_id, contract_status_id, signed_date, start_date, end_date, price) VALUES (51, 128, 0, "Lease Agreement No. 3927", 8, 53, 0, "2013-06-15", "2013-06-15", "2023-03-02", 3200.0);
INSERT INTO contract (id, property_id, listing_type_id, contract_document, responsible_employee_id, client_id, contract_status_id, signed_date, start_date, end_date, price) VALUES (52, 18, 0, "Lease Agreement No. 5685", 13, 43, 0, "2019-01-21", "2019-01-21", "2019-10-12", 200.0);
INSERT INTO contract (id, property_id, listing_type_id, contract_document, responsible_employee_id, client_id, contract_status_id, signed_date, start_date, end_date, price) VALUES (53, 264, 1, "Sales and Purchase Agreement No. 2089", 3, 340, 0, "2016-07-30", NULL, NULL, 518600.0);
INSERT INTO contract (id, property_id, listing_type_id, contract_document, responsible_employee_id, client_id, contract_status_id, signed_date, start_date, end_date, price) VALUES (54, 103, 0, "Lease Agreement No. 3497", 6, 112, 0, "2011-02-20", "2011-02-20", "2022-12-13", 7300.0);
INSERT INTO contract (id, property_id, listing_type_id, contract_document, responsible_employee_id, client_id, contract_status_id, signed_date, start_date, end_date, price) VALUES (55, 309, 0, "Lease Agreement No. 9226", 5, 260, 0, "2019-05-13", "2019-05-13", "2021-11-22", 5700.0);
INSERT INTO contract (id, property_id, listing_type_id, contract_document, responsible_employee_id, client_id, contract_status_id, signed_date, start_date, end_date, price) VALUES (56, 54, 1, "Sales and Purchase Agreement No. 7318", 1, 103, 0, "2023-02-20", NULL, NULL, 843700.0);
INSERT INTO contract (id, property_id, listing_type_id, contract_document, responsible_employee_id, client_id, contract_status_id, signed_date, start_date, end_date, price) VALUES (57, 161, 1, "Sales and Purchase Agreement No. 2755", 6, 128, 0, "2023-07-16", NULL, NULL, 558100.0);
INSERT INTO contract (id, property_id, listing_type_id, contract_document, responsible_employee_id, client_id, contract_status_id, signed_date, start_date, end_date, price) VALUES (58, 212, 1, "Sales and Purchase Agreement No. 5949", 17, 173, 0, "2021-02-22", NULL, NULL, 260500.0);
INSERT INTO contract (id, property_id, listing_type_id, contract_document, responsible_employee_id, client_id, contract_status_id, signed_date, start_date, end_date, price) VALUES (59, 260, 1, "Sales and Purchase Agreement No. 4921", 2, 206, 0, "2011-11-02", NULL, NULL, 964500.0);
INSERT INTO contract (id, property_id, listing_type_id, contract_document, responsible_employee_id, client_id, contract_status_id, signed_date, start_date, end_date, price) VALUES (60, 132, 1, "Sales and Purchase Agreement No. 7218", 7, 223, 0, "2021-05-06", NULL, NULL, 300900.0);
INSERT INTO contract (id, property_id, listing_type_id, contract_document, responsible_employee_id, client_id, contract_status_id, signed_date, start_date, end_date, price) VALUES (61, 173, 0, "Lease Agreement No. 1977", 12, 93, 0, "2015-07-14", "2015-07-14", "2015-09-10", 4000.0);
INSERT INTO contract (id, property_id, listing_type_id, contract_document, responsible_employee_id, client_id, contract_status_id, signed_date, start_date, end_date, price) VALUES (62, 241, 1, "Sales and Purchase Agreement No. 3070", 6, 177, 0, "2012-10-02", NULL, NULL, 338200.0);
INSERT INTO contract (id, property_id, listing_type_id, contract_document, responsible_employee_id, client_id, contract_status_id, signed_date, start_date, end_date, price) VALUES (63, 314, 1, "Sales and Purchase Agreement No. 3496", 15, 136, 0, "2013-09-26", NULL, NULL, 779000.0);
INSERT INTO contract (id, property_id, listing_type_id, contract_document, responsible_employee_id, client_id, contract_status_id, signed_date, start_date, end_date, price) VALUES (64, 317, 1, "Sales and Purchase Agreement No. 3758", 6, 259, 0, "2022-03-15", NULL, NULL, 720600.0);
INSERT INTO contract (id, property_id, listing_type_id, contract_document, responsible_employee_id, client_id, contract_status_id, signed_date, start_date, end_date, price) VALUES (65, 263, 1, "Sales and Purchase Agreement No. 9526", 1, 152, 0, "2023-04-22", NULL, NULL, 274800.0);
INSERT INTO contract (id, property_id, listing_type_id, contract_document, responsible_employee_id, client_id, contract_status_id, signed_date, start_date, end_date, price) VALUES (66, 334, 0, "Lease Agreement No. 5705", 16, 265, 0, "2023-03-05", "2023-03-05", "2026-10-01", 3900.0);
INSERT INTO contract (id, property_id, listing_type_id, contract_document, responsible_employee_id, client_id, contract_status_id, signed_date, start_date, end_date, price) VALUES (67, 207, 0, "Lease Agreement No. 6174", 12, 111, 0, "2013-11-02", "2013-11-02", "2023-11-02", 2300.0);
INSERT INTO contract (id, property_id, listing_type_id, contract_document, responsible_employee_id, client_id, contract_status_id, signed_date, start_date, end_date, price) VALUES (68, 226, 1, "Sales and Purchase Agreement No. 6639", 2, 70, 0, "2016-12-08", NULL, NULL, 338000.0);
INSERT INTO contract (id, property_id, listing_type_id, contract_document, responsible_employee_id, client_id, contract_status_id, signed_date, start_date, end_date, price) VALUES (69, 148, 0, "Lease Agreement No. 5572", 0, 9, 0, "2011-03-06", "2011-03-06", "2019-09-10", 6000.0);
INSERT INTO contract (id, property_id, listing_type_id, contract_document, responsible_employee_id, client_id, contract_status_id, signed_date, start_date, end_date, price) VALUES (70, 337, 1, "Sales and Purchase Agreement No. 8251", 3, 52, 0, "2013-03-19", NULL, NULL, 394900.0);
INSERT INTO contract (id, property_id, listing_type_id, contract_document, responsible_employee_id, client_id, contract_status_id, signed_date, start_date, end_date, price) VALUES (71, 28, 1, "Sales and Purchase Agreement No. 2705", 11, 323, 0, "2012-08-15", NULL, NULL, 208800.0);
INSERT INTO contract (id, property_id, listing_type_id, contract_document, responsible_employee_id, client_id, contract_status_id, signed_date, start_date, end_date, price) VALUES (72, 272, 1, "Sales and Purchase Agreement No. 4791", 18, 97, 0, "2022-04-27", NULL, NULL, 930800.0);
INSERT INTO contract (id, property_id, listing_type_id, contract_document, responsible_employee_id, client_id, contract_status_id, signed_date, start_date, end_date, price) VALUES (73, 110, 1, "Sales and Purchase Agreement No. 8872", 5, 341, 0, "2015-01-22", NULL, NULL, 1212400.0);
INSERT INTO contract (id, property_id, listing_type_id, contract_document, responsible_employee_id, client_id, contract_status_id, signed_date, start_date, end_date, price) VALUES (74, 43, 0, "Lease Agreement No. 2401", 12, 319, 0, "2010-02-04", "2010-02-04", "2026-11-15", 3800.0);
INSERT INTO contract (id, property_id, listing_type_id, contract_document, responsible_employee_id, client_id, contract_status_id, signed_date, start_date, end_date, price) VALUES (75, 90, 0, "Lease Agreement No. 436", 17, 313, 0, "2022-10-29", "2022-10-29", "2023-05-06", 4400.0);
INSERT INTO contract (id, property_id, listing_type_id, contract_document, responsible_employee_id, client_id, contract_status_id, signed_date, start_date, end_date, price) VALUES (76, 190, 1, "Sales and Purchase Agreement No. 6223", 2, 181, 0, "2017-10-21", NULL, NULL, 133400.0);
INSERT INTO contract (id, property_id, listing_type_id, contract_document, responsible_employee_id, client_id, contract_status_id, signed_date, start_date, end_date, price) VALUES (77, 158, 0, "Lease Agreement No. 6189", 7, 289, 0, "2022-08-20", "2022-08-20", "2026-12-03", 3300.0);
INSERT INTO contract (id, property_id, listing_type_id, contract_document, responsible_employee_id, client_id, contract_status_id, signed_date, start_date, end_date, price) VALUES (78, 135, 1, "Sales and Purchase Agreement No. 5633", 6, 197, 0, "2019-06-07", NULL, NULL, 851800.0);
INSERT INTO contract (id, property_id, listing_type_id, contract_document, responsible_employee_id, client_id, contract_status_id, signed_date, start_date, end_date, price) VALUES (79, 296, 1, "Sales and Purchase Agreement No. 4957", 13, 281, 0, "2011-09-11", NULL, NULL, 156000.0);
INSERT INTO contract (id, property_id, listing_type_id, contract_document, responsible_employee_id, client_id, contract_status_id, signed_date, start_date, end_date, price) VALUES (80, 238, 1, "Sales and Purchase Agreement No. 4368", 17, 244, 0, "2019-05-04", NULL, NULL, 2776400.0);
INSERT INTO contract (id, property_id, listing_type_id, contract_document, responsible_employee_id, client_id, contract_status_id, signed_date, start_date, end_date, price) VALUES (81, 105, 0, "Lease Agreement No. 7971", 0, 277, 0, "2022-04-06", "2022-04-06", "2024-02-17", 5300.0);
INSERT INTO contract (id, property_id, listing_type_id, contract_document, responsible_employee_id, client_id, contract_status_id, signed_date, start_date, end_date, price) VALUES (82, 2, 1, "Sales and Purchase Agreement No. 5130", 12, 306, 0, "2017-10-15", NULL, NULL, 724100.0);
INSERT INTO contract (id, property_id, listing_type_id, contract_document, responsible_employee_id, client_id, contract_status_id, signed_date, start_date, end_date, price) VALUES (83, 75, 0, "Lease Agreement No. 2969", 13, 81, 0, "2019-09-25", "2019-09-25", "2020-09-15", 24700.0);
INSERT INTO contract (id, property_id, listing_type_id, contract_document, responsible_employee_id, client_id, contract_status_id, signed_date, start_date, end_date, price) VALUES (84, 236, 0, "Lease Agreement No. 215", 1, 122, 0, "2015-04-10", "2015-04-10", "2021-07-19", 7100.0);
INSERT INTO contract (id, property_id, listing_type_id, contract_document, responsible_employee_id, client_id, contract_status_id, signed_date, start_date, end_date, price) VALUES (85, 156, 1, "Sales and Purchase Agreement No. 1773", 3, 85, 0, "2015-11-20", NULL, NULL, 276300.0);
INSERT INTO contract (id, property_id, listing_type_id, contract_document, responsible_employee_id, client_id, contract_status_id, signed_date, start_date, end_date, price) VALUES (86, 171, 1, "Sales and Purchase Agreement No. 5026", 7, 301, 0, "2015-11-26", NULL, NULL, 1274800.0);
INSERT INTO contract (id, property_id, listing_type_id, contract_document, responsible_employee_id, client_id, contract_status_id, signed_date, start_date, end_date, price) VALUES (87, 189, 0, "Lease Agreement No. 8878", 18, 23, 0, "2010-05-22", "2010-05-22", "2011-09-22", 2900.0);
INSERT INTO contract (id, property_id, listing_type_id, contract_document, responsible_employee_id, client_id, contract_status_id, signed_date, start_date, end_date, price) VALUES (88, 191, 1, "Sales and Purchase Agreement No. 7768", 10, 129, 0, "2012-04-25", NULL, NULL, 1206800.0);
INSERT INTO contract (id, property_id, listing_type_id, contract_document, responsible_employee_id, client_id, contract_status_id, signed_date, start_date, end_date, price) VALUES (89, 180, 1, "Sales and Purchase Agreement No. 6862", 12, 242, 0, "2015-04-29", NULL, NULL, 1766500.0);
INSERT INTO contract (id, property_id, listing_type_id, contract_document, responsible_employee_id, client_id, contract_status_id, signed_date, start_date, end_date, price) VALUES (90, 127, 1, "Sales and Purchase Agreement No. 7780", 17, 334, 0, "2010-01-23", NULL, NULL, 1462600.0);
INSERT INTO contract (id, property_id, listing_type_id, contract_document, responsible_employee_id, client_id, contract_status_id, signed_date, start_date, end_date, price) VALUES (91, 221, 0, "Lease Agreement No. 8725", 9, 180, 0, "2018-05-11", "2018-05-11", "2019-06-25", 1600.0);
INSERT INTO contract (id, property_id, listing_type_id, contract_document, responsible_employee_id, client_id, contract_status_id, signed_date, start_date, end_date, price) VALUES (92, 63, 0, "Lease Agreement No. 8419", 10, 86, 0, "2020-07-01", "2020-07-01", "2021-05-17", 1200.0);
INSERT INTO contract (id, property_id, listing_type_id, contract_document, responsible_employee_id, client_id, contract_status_id, signed_date, start_date, end_date, price) VALUES (93, 157, 0, "Lease Agreement No. 8222", 18, 339, 0, "2022-08-04", "2022-08-04", "2023-02-13", 1400.0);
INSERT INTO contract (id, property_id, listing_type_id, contract_document, responsible_employee_id, client_id, contract_status_id, signed_date, start_date, end_date, price) VALUES (94, 59, 0, "Lease Agreement No. 1069", 17, 154, 0, "2016-11-04", "2016-11-04", "2021-12-25", 6300.0);
INSERT INTO contract (id, property_id, listing_type_id, contract_document, responsible_employee_id, client_id, contract_status_id, signed_date, start_date, end_date, price) VALUES (95, 0, 0, "Lease Agreement No. 3639", 13, 317, 0, "2018-05-06", "2018-05-06", "2024-12-06", 200.0);
INSERT INTO contract (id, property_id, listing_type_id, contract_document, responsible_employee_id, client_id, contract_status_id, signed_date, start_date, end_date, price) VALUES (96, 222, 1, "Sales and Purchase Agreement No. 1178", 0, 266, 0, "2020-03-31", NULL, NULL, 402600.0);
INSERT INTO contract (id, property_id, listing_type_id, contract_document, responsible_employee_id, client_id, contract_status_id, signed_date, start_date, end_date, price) VALUES (97, 163, 1, "Sales and Purchase Agreement No. 6499", 11, 95, 0, "2014-06-30", NULL, NULL, 489400.0);
INSERT INTO contract (id, property_id, listing_type_id, contract_document, responsible_employee_id, client_id, contract_status_id, signed_date, start_date, end_date, price) VALUES (98, 23, 0, "Lease Agreement No. 220", 13, 325, 0, "2017-08-04", "2017-08-04", "2022-04-07", 2300.0);
INSERT INTO contract (id, property_id, listing_type_id, contract_document, responsible_employee_id, client_id, contract_status_id, signed_date, start_date, end_date, price) VALUES (99, 193, 1, "Sales and Purchase Agreement No. 7955", 12, 64, 0, "2015-06-27", NULL, NULL, 42000.0);
INSERT INTO contract (id, property_id, listing_type_id, contract_document, responsible_employee_id, client_id, contract_status_id, signed_date, start_date, end_date, price) VALUES (100, 245, 1, "Sales and Purchase Agreement No. 1519", 14, 137, 0, "2014-08-14", NULL, NULL, 3863800.0);
INSERT INTO contract (id, property_id, listing_type_id, contract_document, responsible_employee_id, client_id, contract_status_id, signed_date, start_date, end_date, price) VALUES (101, 121, 0, "Lease Agreement No. 4552", 19, 208, 0, "2013-11-24", "2013-11-24", "2022-01-02", 1600.0);
INSERT INTO contract (id, property_id, listing_type_id, contract_document, responsible_employee_id, client_id, contract_status_id, signed_date, start_date, end_date, price) VALUES (102, 125, 1, "Sales and Purchase Agreement No. 2122", 16, 55, 0, "2021-10-16", NULL, NULL, 1240200.0);
INSERT INTO contract (id, property_id, listing_type_id, contract_document, responsible_employee_id, client_id, contract_status_id, signed_date, start_date, end_date, price) VALUES (103, 292, 0, "Lease Agreement No. 857", 14, 212, 0, "2023-03-08", "2023-03-08", "2026-03-31", 3900.0);
INSERT INTO contract (id, property_id, listing_type_id, contract_document, responsible_employee_id, client_id, contract_status_id, signed_date, start_date, end_date, price) VALUES (104, 183, 1, "Sales and Purchase Agreement No. 2097", 2, 264, 0, "2015-10-11", NULL, NULL, 287100.0);
INSERT INTO contract (id, property_id, listing_type_id, contract_document, responsible_employee_id, client_id, contract_status_id, signed_date, start_date, end_date, price) VALUES (105, 160, 1, "Sales and Purchase Agreement No. 1933", 19, 214, 0, "2015-10-30", NULL, NULL, 293700.0);
INSERT INTO contract (id, property_id, listing_type_id, contract_document, responsible_employee_id, client_id, contract_status_id, signed_date, start_date, end_date, price) VALUES (106, 227, 0, "Lease Agreement No. 9045", 2, 164, 0, "2015-08-27", "2015-08-27", "2020-12-29", 3500.0);
INSERT INTO contract (id, property_id, listing_type_id, contract_document, responsible_employee_id, client_id, contract_status_id, signed_date, start_date, end_date, price) VALUES (107, 182, 1, "Sales and Purchase Agreement No. 1242", 2, 314, 0, "2022-08-25", NULL, NULL, 819000.0);
INSERT INTO contract (id, property_id, listing_type_id, contract_document, responsible_employee_id, client_id, contract_status_id, signed_date, start_date, end_date, price) VALUES (108, 113, 1, "Sales and Purchase Agreement No. 5527", 16, 320, 0, "2018-06-07", NULL, NULL, 175400.0);
INSERT INTO contract (id, property_id, listing_type_id, contract_document, responsible_employee_id, client_id, contract_status_id, signed_date, start_date, end_date, price) VALUES (109, 104, 1, "Sales and Purchase Agreement No. 5918", 2, 39, 0, "2020-12-08", NULL, NULL, 1175300.0);
INSERT INTO contract (id, property_id, listing_type_id, contract_document, responsible_employee_id, client_id, contract_status_id, signed_date, start_date, end_date, price) VALUES (110, 3, 1, "Sales and Purchase Agreement No. 760", 4, 250, 0, "2015-03-18", NULL, NULL, 149700.0);
INSERT INTO contract (id, property_id, listing_type_id, contract_document, responsible_employee_id, client_id, contract_status_id, signed_date, start_date, end_date, price) VALUES (111, 307, 0, "Lease Agreement No. 2452", 17, 310, 0, "2016-08-15", "2016-08-15", "2018-11-16", 2500.0);
INSERT INTO contract (id, property_id, listing_type_id, contract_document, responsible_employee_id, client_id, contract_status_id, signed_date, start_date, end_date, price) VALUES (112, 237, 0, "Lease Agreement No. 1452", 8, 30, 0, "2016-12-23", "2016-12-23", "2020-08-25", 2200.0);
INSERT INTO contract (id, property_id, listing_type_id, contract_document, responsible_employee_id, client_id, contract_status_id, signed_date, start_date, end_date, price) VALUES (113, 70, 1, "Sales and Purchase Agreement No. 1396", 1, 89, 0, "2020-05-13", NULL, NULL, 428500.0);
INSERT INTO contract (id, property_id, listing_type_id, contract_document, responsible_employee_id, client_id, contract_status_id, signed_date, start_date, end_date, price) VALUES (114, 195, 0, "Lease Agreement No. 6193", 3, 109, 0, "2014-03-13", "2014-03-13", "2023-11-12", 4600.0);
INSERT INTO contract (id, property_id, listing_type_id, contract_document, responsible_employee_id, client_id, contract_status_id, signed_date, start_date, end_date, price) VALUES (115, 205, 0, "Lease Agreement No. 6029", 11, 336, 0, "2018-12-23", "2018-12-23", "2019-01-17", 5300.0);
INSERT INTO contract (id, property_id, listing_type_id, contract_document, responsible_employee_id, client_id, contract_status_id, signed_date, start_date, end_date, price) VALUES (116, 312, 1, "Sales and Purchase Agreement No. 9003", 14, 191, 0, "2023-12-19", NULL, NULL, 999100.0);
INSERT INTO contract (id, property_id, listing_type_id, contract_document, responsible_employee_id, client_id, contract_status_id, signed_date, start_date, end_date, price) VALUES (117, 102, 1, "Sales and Purchase Agreement No. 8648", 13, 234, 0, "2017-05-06", NULL, NULL, 110800.0);
INSERT INTO contract (id, property_id, listing_type_id, contract_document, responsible_employee_id, client_id, contract_status_id, signed_date, start_date, end_date, price) VALUES (118, 164, 1, "Sales and Purchase Agreement No. 1702", 6, 54, 0, "2018-11-08", NULL, NULL, 431600.0);
INSERT INTO contract (id, property_id, listing_type_id, contract_document, responsible_employee_id, client_id, contract_status_id, signed_date, start_date, end_date, price) VALUES (119, 318, 0, "Lease Agreement No. 5654", 17, 163, 0, "2011-10-24", "2011-10-24", "2023-01-13", 127600.0);
INSERT INTO contract (id, property_id, listing_type_id, contract_document, responsible_employee_id, client_id, contract_status_id, signed_date, start_date, end_date, price) VALUES (120, 77, 0, "Lease Agreement No. 3888", 18, 107, 0, "2012-07-20", "2012-07-20", "2014-11-25", 23600.0);
INSERT INTO contract (id, property_id, listing_type_id, contract_document, responsible_employee_id, client_id, contract_status_id, signed_date, start_date, end_date, price) VALUES (121, 117, 1, "Sales and Purchase Agreement No. 3850", 15, 118, 0, "2021-02-06", NULL, NULL, 1433200.0);
INSERT INTO contract (id, property_id, listing_type_id, contract_document, responsible_employee_id, client_id, contract_status_id, signed_date, start_date, end_date, price) VALUES (122, 194, 0, "Lease Agreement No. 3071", 14, 305, 0, "2020-08-12", "2020-08-12", "2022-08-25", 7100.0);
INSERT INTO contract (id, property_id, listing_type_id, contract_document, responsible_employee_id, client_id, contract_status_id, signed_date, start_date, end_date, price) VALUES (123, 308, 1, "Sales and Purchase Agreement No. 1281", 13, 294, 0, "2023-08-04", NULL, NULL, 387800.0);
INSERT INTO contract (id, property_id, listing_type_id, contract_document, responsible_employee_id, client_id, contract_status_id, signed_date, start_date, end_date, price) VALUES (124, 220, 1, "Sales and Purchase Agreement No. 6719", 0, 32, 0, "2011-06-30", NULL, NULL, 647300.0);
INSERT INTO contract (id, property_id, listing_type_id, contract_document, responsible_employee_id, client_id, contract_status_id, signed_date, start_date, end_date, price) VALUES (125, 174, 1, "Sales and Purchase Agreement No. 7534", 7, 157, 0, "2022-10-09", NULL, NULL, 2074900.0);
INSERT INTO contract (id, property_id, listing_type_id, contract_document, responsible_employee_id, client_id, contract_status_id, signed_date, start_date, end_date, price) VALUES (126, 35, 1, "Sales and Purchase Agreement No. 9294", 14, 256, 0, "2018-08-08", NULL, NULL, 1287200.0);
INSERT INTO contract (id, property_id, listing_type_id, contract_document, responsible_employee_id, client_id, contract_status_id, signed_date, start_date, end_date, price) VALUES (127, 270, 0, "Lease Agreement No. 552", 6, 193, 0, "2017-08-10", "2017-08-10", "2024-12-02", 900.0);
INSERT INTO contract (id, property_id, listing_type_id, contract_document, responsible_employee_id, client_id, contract_status_id, signed_date, start_date, end_date, price) VALUES (128, 196, 0, "Lease Agreement No. 4959", 7, 13, 0, "2010-09-06", "2010-09-06", "2014-01-24", 3400.0);
INSERT INTO contract (id, property_id, listing_type_id, contract_document, responsible_employee_id, client_id, contract_status_id, signed_date, start_date, end_date, price) VALUES (129, 199, 1, "Sales and Purchase Agreement No. 7807", 5, 29, 0, "2020-10-13", NULL, NULL, 379200.0);
INSERT INTO contract (id, property_id, listing_type_id, contract_document, responsible_employee_id, client_id, contract_status_id, signed_date, start_date, end_date, price) VALUES (130, 206, 1, "Sales and Purchase Agreement No. 2694", 8, 147, 0, "2017-02-23", NULL, NULL, 783800.0);
INSERT INTO contract (id, property_id, listing_type_id, contract_document, responsible_employee_id, client_id, contract_status_id, signed_date, start_date, end_date, price) VALUES (131, 25, 0, "Lease Agreement No. 3700", 0, 188, 0, "2018-09-20", "2018-09-20", "2026-08-20", 12100.0);
INSERT INTO contract (id, property_id, listing_type_id, contract_document, responsible_employee_id, client_id, contract_status_id, signed_date, start_date, end_date, price) VALUES (132, 15, 1, "Sales and Purchase Agreement No. 4619", 12, 156, 0, "2022-01-31", NULL, NULL, 185500.0);
INSERT INTO contract (id, property_id, listing_type_id, contract_document, responsible_employee_id, client_id, contract_status_id, signed_date, start_date, end_date, price) VALUES (133, 137, 1, "Sales and Purchase Agreement No. 9443", 7, 87, 0, "2018-12-26", NULL, NULL, 645400.0);
INSERT INTO contract (id, property_id, listing_type_id, contract_document, responsible_employee_id, client_id, contract_status_id, signed_date, start_date, end_date, price) VALUES (134, 12, 0, "Lease Agreement No. 3032", 8, 80, 0, "2022-08-20", "2022-08-20", "2025-03-25", 2400.0);
INSERT INTO contract (id, property_id, listing_type_id, contract_document, responsible_employee_id, client_id, contract_status_id, signed_date, start_date, end_date, price) VALUES (135, 57, 1, "Sales and Purchase Agreement No. 4207", 9, 166, 0, "2018-07-19", NULL, NULL, 551000.0);
INSERT INTO contract (id, property_id, listing_type_id, contract_document, responsible_employee_id, client_id, contract_status_id, signed_date, start_date, end_date, price) VALUES (136, 136, 1, "Sales and Purchase Agreement No. 220", 10, 134, 0, "2013-01-23", NULL, NULL, 474700.0);
INSERT INTO contract (id, property_id, listing_type_id, contract_document, responsible_employee_id, client_id, contract_status_id, signed_date, start_date, end_date, price) VALUES (137, 153, 0, "Lease Agreement No. 1032", 4, 192, 0, "2017-04-26", "2017-04-26", "2021-03-06", 1100.0);
INSERT INTO contract (id, property_id, listing_type_id, contract_document, responsible_employee_id, client_id, contract_status_id, signed_date, start_date, end_date, price) VALUES (138, 106, 1, "Sales and Purchase Agreement No. 6737", 10, 272, 0, "2011-02-20", NULL, NULL, 122700.0);
INSERT INTO contract (id, property_id, listing_type_id, contract_document, responsible_employee_id, client_id, contract_status_id, signed_date, start_date, end_date, price) VALUES (139, 251, 0, "Lease Agreement No. 3838", 17, 15, 0, "2014-05-14", "2014-05-14", "2014-11-08", 1500.0);
INSERT INTO contract (id, property_id, listing_type_id, contract_document, responsible_employee_id, client_id, contract_status_id, signed_date, start_date, end_date, price) VALUES (140, 214, 0, "Lease Agreement No. 5316", 18, 142, 0, "2012-08-22", "2012-08-22", "2025-07-16", 6500.0);
INSERT INTO contract (id, property_id, listing_type_id, contract_document, responsible_employee_id, client_id, contract_status_id, signed_date, start_date, end_date, price) VALUES (141, 269, 0, "Lease Agreement No. 7084", 11, 303, 0, "2015-02-18", "2015-02-18", "2020-08-15", 2900.0);
INSERT INTO contract (id, property_id, listing_type_id, contract_document, responsible_employee_id, client_id, contract_status_id, signed_date, start_date, end_date, price) VALUES (142, 266, 0, "Lease Agreement No. 2354", 15, 222, 0, "2020-11-16", "2020-11-16", "2026-11-20", 300.0);
INSERT INTO contract (id, property_id, listing_type_id, contract_document, responsible_employee_id, client_id, contract_status_id, signed_date, start_date, end_date, price) VALUES (143, 88, 1, "Sales and Purchase Agreement No. 7605", 15, 65, 0, "2011-09-10", NULL, NULL, 3255000.0);
INSERT INTO contract (id, property_id, listing_type_id, contract_document, responsible_employee_id, client_id, contract_status_id, signed_date, start_date, end_date, price) VALUES (144, 288, 1, "Sales and Purchase Agreement No. 3912", 3, 141, 0, "2017-06-02", NULL, NULL, 3580500.0);
INSERT INTO contract (id, property_id, listing_type_id, contract_document, responsible_employee_id, client_id, contract_status_id, signed_date, start_date, end_date, price) VALUES (145, 229, 0, "Lease Agreement No. 3430", 2, 56, 0, "2018-12-13", "2018-12-13", "2019-04-19", 7700.0);
INSERT INTO contract (id, property_id, listing_type_id, contract_document, responsible_employee_id, client_id, contract_status_id, signed_date, start_date, end_date, price) VALUES (146, 277, 1, "Sales and Purchase Agreement No. 345", 10, 67, 0, "2018-10-19", NULL, NULL, 96400.0);
INSERT INTO contract (id, property_id, listing_type_id, contract_document, responsible_employee_id, client_id, contract_status_id, signed_date, start_date, end_date, price) VALUES (147, 268, 1, "Sales and Purchase Agreement No. 1586", 10, 302, 0, "2020-02-19", NULL, NULL, 396500.0);
INSERT INTO contract (id, property_id, listing_type_id, contract_document, responsible_employee_id, client_id, contract_status_id, signed_date, start_date, end_date, price) VALUES (148, 181, 1, "Sales and Purchase Agreement No. 8753", 10, 332, 0, "2017-10-14", NULL, NULL, 825600.0);
INSERT INTO contract (id, property_id, listing_type_id, contract_document, responsible_employee_id, client_id, contract_status_id, signed_date, start_date, end_date, price) VALUES (149, 1, 1, "Sales and Purchase Agreement No. 986", 2, 28, 0, "2012-10-18", NULL, NULL, 1594200.0);
INSERT INTO contract (id, property_id, listing_type_id, contract_document, responsible_employee_id, client_id, contract_status_id, signed_date, start_date, end_date, price) VALUES (150, 17, 1, "Sales and Purchase Agreement No. 1436", 14, 267, 0, "2012-08-19", NULL, NULL, 499400.0);
INSERT INTO contract (id, property_id, listing_type_id, contract_document, responsible_employee_id, client_id, contract_status_id, signed_date, start_date, end_date, price) VALUES (151, 244, 1, "Sales and Purchase Agreement No. 6338", 13, 329, 0, "2016-02-13", NULL, NULL, 708300.0);
INSERT INTO contract (id, property_id, listing_type_id, contract_document, responsible_employee_id, client_id, contract_status_id, signed_date, start_date, end_date, price) VALUES (152, 14, 0, "Lease Agreement No. 991", 0, 100, 0, "2021-05-18", "2021-05-18", "2021-05-18", 4400.0);
INSERT INTO contract (id, property_id, listing_type_id, contract_document, responsible_employee_id, client_id, contract_status_id, signed_date, start_date, end_date, price) VALUES (153, 240, 1, "Sales and Purchase Agreement No. 7871", 6, 59, 0, "2019-11-07", NULL, NULL, 536500.0);
INSERT INTO contract (id, property_id, listing_type_id, contract_document, responsible_employee_id, client_id, contract_status_id, signed_date, start_date, end_date, price) VALUES (154, 213, 1, "Sales and Purchase Agreement No. 5395", 19, 200, 0, "2012-08-13", NULL, NULL, 1361400.0);
INSERT INTO contract (id, property_id, listing_type_id, contract_document, responsible_employee_id, client_id, contract_status_id, signed_date, start_date, end_date, price) VALUES (155, 10, 0, "Lease Agreement No. 6926", 16, 132, 0, "2011-09-18", "2011-09-18", "2016-04-24", 3700.0);
INSERT INTO contract (id, property_id, listing_type_id, contract_document, responsible_employee_id, client_id, contract_status_id, signed_date, start_date, end_date, price) VALUES (156, 47, 0, "Lease Agreement No. 4099", 14, 221, 0, "2015-12-29", "2015-12-29", "2022-07-11", 3400.0);
INSERT INTO contract (id, property_id, listing_type_id, contract_document, responsible_employee_id, client_id, contract_status_id, signed_date, start_date, end_date, price) VALUES (157, 211, 1, "Sales and Purchase Agreement No. 6968", 10, 330, 0, "2020-09-15", NULL, NULL, 561200.0);
INSERT INTO contract (id, property_id, listing_type_id, contract_document, responsible_employee_id, client_id, contract_status_id, signed_date, start_date, end_date, price) VALUES (158, 109, 0, "Lease Agreement No. 5258", 5, 69, 0, "2021-07-07", "2021-07-07", "2021-11-29", 15100.0);
INSERT INTO contract (id, property_id, listing_type_id, contract_document, responsible_employee_id, client_id, contract_status_id, signed_date, start_date, end_date, price) VALUES (159, 201, 1, "Sales and Purchase Agreement No. 519", 13, 298, 0, "2010-11-12", NULL, NULL, 761300.0);
INSERT INTO contract (id, property_id, listing_type_id, contract_document, responsible_employee_id, client_id, contract_status_id, signed_date, start_date, end_date, price) VALUES (160, 295, 0, "Lease Agreement No. 2517", 3, 90, 0, "2023-12-04", "2023-12-04", "2025-12-28", 1100.0);
INSERT INTO contract (id, property_id, listing_type_id, contract_document, responsible_employee_id, client_id, contract_status_id, signed_date, start_date, end_date, price) VALUES (161, 258, 1, "Sales and Purchase Agreement No. 2326", 7, 225, 0, "2015-12-02", NULL, NULL, 153600.0);
INSERT INTO contract (id, property_id, listing_type_id, contract_document, responsible_employee_id, client_id, contract_status_id, signed_date, start_date, end_date, price) VALUES (162, 139, 1, "Sales and Purchase Agreement No. 1843", 10, 203, 0, "2018-02-16", NULL, NULL, 2850600.0);
INSERT INTO contract (id, property_id, listing_type_id, contract_document, responsible_employee_id, client_id, contract_status_id, signed_date, start_date, end_date, price) VALUES (163, 89, 1, "Sales and Purchase Agreement No. 6427", 14, 42, 0, "2015-10-07", NULL, NULL, 1499700.0);
INSERT INTO contract (id, property_id, listing_type_id, contract_document, responsible_employee_id, client_id, contract_status_id, signed_date, start_date, end_date, price) VALUES (164, 305, 0, "Lease Agreement No. 844", 5, 40, 0, "2015-10-17", "2015-10-17", "2025-09-01", 8000.0);
INSERT INTO contract (id, property_id, listing_type_id, contract_document, responsible_employee_id, client_id, contract_status_id, signed_date, start_date, end_date, price) VALUES (165, 170, 0, "Lease Agreement No. 7155", 3, 194, 0, "2023-08-31", "2023-08-31", "2025-08-25", 3500.0);
INSERT INTO contract (id, property_id, listing_type_id, contract_document, responsible_employee_id, client_id, contract_status_id, signed_date, start_date, end_date, price) VALUES (166, 146, 0, "Lease Agreement No. 4337", 7, 49, 0, "2011-04-28", "2011-04-28", "2017-09-10", 800.0);
INSERT INTO contract (id, property_id, listing_type_id, contract_document, responsible_employee_id, client_id, contract_status_id, signed_date, start_date, end_date, price) VALUES (167, 16, 1, "Sales and Purchase Agreement No. 628", 6, 270, 0, "2014-06-07", NULL, NULL, 158900.0);
INSERT INTO contract (id, property_id, listing_type_id, contract_document, responsible_employee_id, client_id, contract_status_id, signed_date, start_date, end_date, price) VALUES (168, 162, 1, "Sales and Purchase Agreement No. 3904", 17, 268, 0, "2017-04-09", NULL, NULL, 770200.0);
INSERT INTO contract (id, property_id, listing_type_id, contract_document, responsible_employee_id, client_id, contract_status_id, signed_date, start_date, end_date, price) VALUES (169, 98, 0, "Lease Agreement No. 9774", 18, 131, 0, "2015-03-12", "2015-03-12", "2025-03-28", 1400.0);
INSERT INTO contract (id, property_id, listing_type_id, contract_document, responsible_employee_id, client_id, contract_status_id, signed_date, start_date, end_date, price) VALUES (170, 65, 1, "Sales and Purchase Agreement No. 7768", 10, 300, 0, "2013-11-16", NULL, NULL, 747500.0);
INSERT INTO contract (id, property_id, listing_type_id, contract_document, responsible_employee_id, client_id, contract_status_id, signed_date, start_date, end_date, price) VALUES (171, 46, 0, "Lease Agreement No. 775", 14, 240, 0, "2015-08-02", "2015-08-02", "2020-01-05", 4600.0);
INSERT INTO contract (id, property_id, listing_type_id, contract_document, responsible_employee_id, client_id, contract_status_id, signed_date, start_date, end_date, price) VALUES (172, 243, 0, "Lease Agreement No. 8691", 1, 282, 0, "2019-07-24", "2019-07-24", "2023-09-07", 3800.0);
INSERT INTO contract (id, property_id, listing_type_id, contract_document, responsible_employee_id, client_id, contract_status_id, signed_date, start_date, end_date, price) VALUES (173, 184, 1, "Sales and Purchase Agreement No. 3590", 5, 66, 0, "2022-09-25", NULL, NULL, 799700.0);
INSERT INTO contract (id, property_id, listing_type_id, contract_document, responsible_employee_id, client_id, contract_status_id, signed_date, start_date, end_date, price) VALUES (174, 165, 1, "Sales and Purchase Agreement No. 7401", 3, 199, 0, "2015-09-19", NULL, NULL, 1638200.0);
INSERT INTO contract (id, property_id, listing_type_id, contract_document, responsible_employee_id, client_id, contract_status_id, signed_date, start_date, end_date, price) VALUES (175, 6, 0, "Lease Agreement No. 3354", 7, 186, 0, "2022-02-04", "2022-02-04", "2024-08-29", 7300.0);
INSERT INTO contract (id, property_id, listing_type_id, contract_document, responsible_employee_id, client_id, contract_status_id, signed_date, start_date, end_date, price) VALUES (176, 331, 0, "Lease Agreement No. 5439", 5, 44, 0, "2011-03-14", "2011-03-14", "2018-10-30", 2200.0);
INSERT INTO contract (id, property_id, listing_type_id, contract_document, responsible_employee_id, client_id, contract_status_id, signed_date, start_date, end_date, price) VALUES (177, 26, 1, "Sales and Purchase Agreement No. 1241", 19, 106, 0, "2018-07-19", NULL, NULL, 160300.0);
INSERT INTO contract (id, property_id, listing_type_id, contract_document, responsible_employee_id, client_id, contract_status_id, signed_date, start_date, end_date, price) VALUES (178, 187, 0, "Lease Agreement No. 1066", 9, 50, 0, "2013-02-06", "2013-02-06", "2013-02-27", 5500.0);
INSERT INTO contract (id, property_id, listing_type_id, contract_document, responsible_employee_id, client_id, contract_status_id, signed_date, start_date, end_date, price) VALUES (179, 208, 1, "Sales and Purchase Agreement No. 7905", 3, 213, 0, "2023-05-11", NULL, NULL, 340700.0);
INSERT INTO contract (id, property_id, listing_type_id, contract_document, responsible_employee_id, client_id, contract_status_id, signed_date, start_date, end_date, price) VALUES (180, 256, 0, "Lease Agreement No. 1110", 5, 101, 0, "2017-01-17", "2017-01-17", "2018-06-08", 4600.0);
INSERT INTO contract (id, property_id, listing_type_id, contract_document, responsible_employee_id, client_id, contract_status_id, signed_date, start_date, end_date, price) VALUES (181, 49, 1, "Sales and Purchase Agreement No. 7864", 4, 230, 0, "2023-11-18", NULL, NULL, 3086000.0);
INSERT INTO contract (id, property_id, listing_type_id, contract_document, responsible_employee_id, client_id, contract_status_id, signed_date, start_date, end_date, price) VALUES (182, 333, 0, "Lease Agreement No. 7875", 8, 263, 0, "2012-08-27", "2012-08-27", "2016-01-01", 1100.0);
INSERT INTO contract (id, property_id, listing_type_id, contract_document, responsible_employee_id, client_id, contract_status_id, signed_date, start_date, end_date, price) VALUES (183, 152, 0, "Lease Agreement No. 9831", 5, 99, 0, "2013-05-13", "2013-05-13", "2020-04-22", 6600.0);
INSERT INTO contract (id, property_id, listing_type_id, contract_document, responsible_employee_id, client_id, contract_status_id, signed_date, start_date, end_date, price) VALUES (184, 297, 1, "Sales and Purchase Agreement No. 9535", 9, 35, 0, "2016-02-22", NULL, NULL, 1318000.0);
INSERT INTO contract (id, property_id, listing_type_id, contract_document, responsible_employee_id, client_id, contract_status_id, signed_date, start_date, end_date, price) VALUES (185, 248, 1, "Sales and Purchase Agreement No. 1571", 15, 116, 0, "2014-05-19", NULL, NULL, 981900.0);
INSERT INTO contract (id, property_id, listing_type_id, contract_document, responsible_employee_id, client_id, contract_status_id, signed_date, start_date, end_date, price) VALUES (186, 73, 1, "Sales and Purchase Agreement No. 2020", 13, 235, 0, "2022-01-19", NULL, NULL, 1914900.0);
INSERT INTO contract (id, property_id, listing_type_id, contract_document, responsible_employee_id, client_id, contract_status_id, signed_date, start_date, end_date, price) VALUES (187, 316, 1, "Sales and Purchase Agreement No. 7674", 5, 19, 0, "2019-06-26", NULL, NULL, 402600.0);
INSERT INTO contract (id, property_id, listing_type_id, contract_document, responsible_employee_id, client_id, contract_status_id, signed_date, start_date, end_date, price) VALUES (188, 38, 0, "Lease Agreement No. 2354", 5, 92, 0, "2020-08-26", "2020-08-26", "2022-06-10", 1800.0);
INSERT INTO contract (id, property_id, listing_type_id, contract_document, responsible_employee_id, client_id, contract_status_id, signed_date, start_date, end_date, price) VALUES (189, 330, 1, "Sales and Purchase Agreement No. 5921", 13, 8, 0, "2017-03-19", NULL, NULL, 3770500.0);
INSERT INTO contract (id, property_id, listing_type_id, contract_document, responsible_employee_id, client_id, contract_status_id, signed_date, start_date, end_date, price) VALUES (190, 9, 0, "Lease Agreement No. 8394", 11, 171, 0, "2022-10-21", "2022-10-21", "2026-09-14", 500.0);
INSERT INTO contract (id, property_id, listing_type_id, contract_document, responsible_employee_id, client_id, contract_status_id, signed_date, start_date, end_date, price) VALUES (191, 311, 1, "Sales and Purchase Agreement No. 4232", 3, 299, 0, "2016-09-16", NULL, NULL, 10673900.0);
INSERT INTO contract (id, property_id, listing_type_id, contract_document, responsible_employee_id, client_id, contract_status_id, signed_date, start_date, end_date, price) VALUES (192, 76, 1, "Sales and Purchase Agreement No. 8975", 3, 78, 0, "2022-07-21", NULL, NULL, 754900.0);
INSERT INTO contract (id, property_id, listing_type_id, contract_document, responsible_employee_id, client_id, contract_status_id, signed_date, start_date, end_date, price) VALUES (193, 217, 1, "Sales and Purchase Agreement No. 1054", 16, 57, 0, "2017-12-30", NULL, NULL, 961800.0);
INSERT INTO contract (id, property_id, listing_type_id, contract_document, responsible_employee_id, client_id, contract_status_id, signed_date, start_date, end_date, price) VALUES (194, 33, 1, "Sales and Purchase Agreement No. 1720", 4, 22, 0, "2022-05-27", NULL, NULL, 652300.0);
INSERT INTO contract (id, property_id, listing_type_id, contract_document, responsible_employee_id, client_id, contract_status_id, signed_date, start_date, end_date, price) VALUES (195, 300, 1, "Sales and Purchase Agreement No. 5549", 16, 205, 0, "2018-12-09", NULL, NULL, 213400.0);
INSERT INTO contract (id, property_id, listing_type_id, contract_document, responsible_employee_id, client_id, contract_status_id, signed_date, start_date, end_date, price) VALUES (196, 124, 0, "Lease Agreement No. 485", 16, 229, 0, "2022-11-21", "2022-11-21", "2026-05-03", 18500.0);
INSERT INTO contract (id, property_id, listing_type_id, contract_document, responsible_employee_id, client_id, contract_status_id, signed_date, start_date, end_date, price) VALUES (197, 41, 1, "Sales and Purchase Agreement No. 9999", 19, 12, 0, "2022-02-27", NULL, NULL, 1582500.0);
INSERT INTO contract (id, property_id, listing_type_id, contract_document, responsible_employee_id, client_id, contract_status_id, signed_date, start_date, end_date, price) VALUES (198, 86, 0, "Lease Agreement No. 6695", 17, 204, 0, "2014-07-08", "2014-07-08", "2017-03-24", 5000.0);
INSERT INTO contract (id, property_id, listing_type_id, contract_document, responsible_employee_id, client_id, contract_status_id, signed_date, start_date, end_date, price) VALUES (199, 329, 1, "Sales and Purchase Agreement No. 3128", 0, 73, 0, "2010-05-28", NULL, NULL, 518300.0);
INSERT INTO contract (id, property_id, listing_type_id, contract_document, responsible_employee_id, client_id, contract_status_id, signed_date, start_date, end_date, price) VALUES (200, 188, 1, "Sales and Purchase Agreement No. 519", 1, 254, 0, "2016-08-18", NULL, NULL, 1572300.0);
INSERT INTO contract (id, property_id, listing_type_id, contract_document, responsible_employee_id, client_id, contract_status_id, signed_date, start_date, end_date, price) VALUES (201, 168, 1, "Sales and Purchase Agreement No. 7706", 16, 196, 0, "2017-01-19", NULL, NULL, 719800.0);
INSERT INTO contract (id, property_id, listing_type_id, contract_document, responsible_employee_id, client_id, contract_status_id, signed_date, start_date, end_date, price) VALUES (202, 60, 0, "Lease Agreement No. 98", 2, 257, 0, "2016-07-29", "2016-07-29", "2024-06-21", 2200.0);
INSERT INTO contract (id, property_id, listing_type_id, contract_document, responsible_employee_id, client_id, contract_status_id, signed_date, start_date, end_date, price) VALUES (203, 151, 0, "Lease Agreement No. 6651", 7, 91, 0, "2013-10-14", "2013-10-14", "2020-12-13", 2400.0);
INSERT INTO contract (id, property_id, listing_type_id, contract_document, responsible_employee_id, client_id, contract_status_id, signed_date, start_date, end_date, price) VALUES (204, 284, 1, "Sales and Purchase Agreement No. 6958", 4, 243, 0, "2023-11-02", NULL, NULL, 1418400.0);
INSERT INTO contract (id, property_id, listing_type_id, contract_document, responsible_employee_id, client_id, contract_status_id, signed_date, start_date, end_date, price) VALUES (205, 186, 0, "Lease Agreement No. 1739", 19, 247, 0, "2011-04-02", "2011-04-02", "2018-01-29", 5000.0);
INSERT INTO contract (id, property_id, listing_type_id, contract_document, responsible_employee_id, client_id, contract_status_id, signed_date, start_date, end_date, price) VALUES (206, 283, 0, "Lease Agreement No. 975", 17, 34, 0, "2021-10-06", "2021-10-06", "2022-07-27", 2200.0);
INSERT INTO contract (id, property_id, listing_type_id, contract_document, responsible_employee_id, client_id, contract_status_id, signed_date, start_date, end_date, price) VALUES (207, 259, 1, "Sales and Purchase Agreement No. 9954", 10, 318, 0, "2020-06-08", NULL, NULL, 628700.0);
INSERT INTO contract (id, property_id, listing_type_id, contract_document, responsible_employee_id, client_id, contract_status_id, signed_date, start_date, end_date, price) VALUES (208, 32, 1, "Sales and Purchase Agreement No. 5589", 16, 24, 0, "2023-09-02", NULL, NULL, 140200.0);
INSERT INTO contract (id, property_id, listing_type_id, contract_document, responsible_employee_id, client_id, contract_status_id, signed_date, start_date, end_date, price) VALUES (209, 324, 0, "Lease Agreement No. 924", 8, 119, 0, "2023-03-03", "2023-03-03", "2023-07-15", 600.0);
INSERT INTO contract (id, property_id, listing_type_id, contract_document, responsible_employee_id, client_id, contract_status_id, signed_date, start_date, end_date, price) VALUES (210, 21, 0, "Lease Agreement No. 7748", 12, 77, 0, "2014-04-29", "2014-04-29", "2024-11-14", 27300.0);
INSERT INTO contract (id, property_id, listing_type_id, contract_document, responsible_employee_id, client_id, contract_status_id, signed_date, start_date, end_date, price) VALUES (211, 281, 0, "Lease Agreement No. 6335", 5, 255, 0, "2017-02-21", "2017-02-21", "2017-04-30", 5000.0);
INSERT INTO contract (id, property_id, listing_type_id, contract_document, responsible_employee_id, client_id, contract_status_id, signed_date, start_date, end_date, price) VALUES (212, 72, 0, "Lease Agreement No. 2263", 15, 175, 0, "2010-12-27", "2010-12-27", "2012-08-07", 2700.0);
INSERT INTO contract (id, property_id, listing_type_id, contract_document, responsible_employee_id, client_id, contract_status_id, signed_date, start_date, end_date, price) VALUES (213, 141, 1, "Sales and Purchase Agreement No. 4901", 5, 209, 0, "2023-12-23", NULL, NULL, 601700.0);
INSERT INTO contract (id, property_id, listing_type_id, contract_document, responsible_employee_id, client_id, contract_status_id, signed_date, start_date, end_date, price) VALUES (214, 108, 1, "Sales and Purchase Agreement No. 9649", 6, 117, 0, "2019-10-06", NULL, NULL, 758800.0);
INSERT INTO contract (id, property_id, listing_type_id, contract_document, responsible_employee_id, client_id, contract_status_id, signed_date, start_date, end_date, price) VALUES (215, 50, 0, "Lease Agreement No. 7179", 6, 219, 0, "2018-04-11", "2018-04-11", "2023-04-07", 3200.0);
INSERT INTO contract (id, property_id, listing_type_id, contract_document, responsible_employee_id, client_id, contract_status_id, signed_date, start_date, end_date, price) VALUES (216, 101, 0, "Lease Agreement No. 6716", 9, 6, 0, "2012-05-18", "2012-05-18", "2026-10-09", 400.0);
INSERT INTO contract (id, property_id, listing_type_id, contract_document, responsible_employee_id, client_id, contract_status_id, signed_date, start_date, end_date, price) VALUES (217, 247, 1, "Sales and Purchase Agreement No. 1056", 11, 162, 0, "2018-02-10", NULL, NULL, 2919300.0);
INSERT INTO contract (id, property_id, listing_type_id, contract_document, responsible_employee_id, client_id, contract_status_id, signed_date, start_date, end_date, price) VALUES (218, 143, 0, "Lease Agreement No. 6751", 9, 278, 0, "2021-06-05", "2021-06-05", "2022-10-15", 3400.0);
INSERT INTO contract (id, property_id, listing_type_id, contract_document, responsible_employee_id, client_id, contract_status_id, signed_date, start_date, end_date, price) VALUES (219, 231, 1, "Sales and Purchase Agreement No. 5088", 8, 45, 0, "2020-06-22", NULL, NULL, 1595500.0);
INSERT INTO contract (id, property_id, listing_type_id, contract_document, responsible_employee_id, client_id, contract_status_id, signed_date, start_date, end_date, price) VALUES (220, 202, 1, "Sales and Purchase Agreement No. 8955", 19, 285, 0, "2015-02-28", NULL, NULL, 879400.0);
INSERT INTO contract (id, property_id, listing_type_id, contract_document, responsible_employee_id, client_id, contract_status_id, signed_date, start_date, end_date, price) VALUES (221, 218, 1, "Sales and Purchase Agreement No. 3316", 10, 172, 0, "2022-04-13", NULL, NULL, 1354400.0);
INSERT INTO contract (id, property_id, listing_type_id, contract_document, responsible_employee_id, client_id, contract_status_id, signed_date, start_date, end_date, price) VALUES (222, 167, 1, "Sales and Purchase Agreement No. 3664", 8, 75, 0, "2012-09-02", NULL, NULL, 169500.0);
INSERT INTO contract (id, property_id, listing_type_id, contract_document, responsible_employee_id, client_id, contract_status_id, signed_date, start_date, end_date, price) VALUES (223, 52, 0, "Lease Agreement No. 1867", 13, 331, 0, "2020-11-23", "2020-11-23", "2025-08-15", 3700.0);
INSERT INTO contract (id, property_id, listing_type_id, contract_document, responsible_employee_id, client_id, contract_status_id, signed_date, start_date, end_date, price) VALUES (224, 280, 1, "Sales and Purchase Agreement No. 2624", 11, 269, 0, "2022-09-10", NULL, NULL, 1010000.0);
INSERT INTO contract (id, property_id, listing_type_id, contract_document, responsible_employee_id, client_id, contract_status_id, signed_date, start_date, end_date, price) VALUES (225, 22, 0, "Lease Agreement No. 6461", 0, 308, 0, "2013-05-02", "2013-05-02", "2023-03-13", 3600.0);
INSERT INTO contract (id, property_id, listing_type_id, contract_document, responsible_employee_id, client_id, contract_status_id, signed_date, start_date, end_date, price) VALUES (226, 178, 1, "Sales and Purchase Agreement No. 3974", 19, 176, 0, "2018-07-25", NULL, NULL, 427900.0);
INSERT INTO contract (id, property_id, listing_type_id, contract_document, responsible_employee_id, client_id, contract_status_id, signed_date, start_date, end_date, price) VALUES (227, 286, 1, "Sales and Purchase Agreement No. 540", 10, 202, 0, "2016-05-30", NULL, NULL, 217300.0);
INSERT INTO contract (id, property_id, listing_type_id, contract_document, responsible_employee_id, client_id, contract_status_id, signed_date, start_date, end_date, price) VALUES (228, 122, 0, "Lease Agreement No. 50", 10, 2, 0, "2023-02-20", "2023-02-20", "2025-08-25", 900.0);
INSERT INTO contract (id, property_id, listing_type_id, contract_document, responsible_employee_id, client_id, contract_status_id, signed_date, start_date, end_date, price) VALUES (229, 210, 1, "Sales and Purchase Agreement No. 6430", 17, 337, 0, "2012-03-28", NULL, NULL, 1509900.0);
INSERT INTO contract (id, property_id, listing_type_id, contract_document, responsible_employee_id, client_id, contract_status_id, signed_date, start_date, end_date, price) VALUES (230, 4, 1, "Sales and Purchase Agreement No. 961", 9, 76, 0, "2018-05-16", NULL, NULL, 824700.0);
INSERT INTO contract (id, property_id, listing_type_id, contract_document, responsible_employee_id, client_id, contract_status_id, signed_date, start_date, end_date, price) VALUES (231, 327, 0, "Lease Agreement No. 773", 10, 287, 0, "2021-10-04", "2021-10-04", "2025-11-03", 5000.0);
INSERT INTO contract (id, property_id, listing_type_id, contract_document, responsible_employee_id, client_id, contract_status_id, signed_date, start_date, end_date, price) VALUES (232, 119, 1, "Sales and Purchase Agreement No. 1950", 4, 283, 0, "2022-11-18", NULL, NULL, 1571900.0);
INSERT INTO contract (id, property_id, listing_type_id, contract_document, responsible_employee_id, client_id, contract_status_id, signed_date, start_date, end_date, price) VALUES (233, 145, 0, "Lease Agreement No. 9201", 4, 139, 0, "2018-09-28", "2018-09-28", "2024-08-05", 1100.0);
INSERT INTO contract (id, property_id, listing_type_id, contract_document, responsible_employee_id, client_id, contract_status_id, signed_date, start_date, end_date, price) VALUES (234, 326, 1, "Sales and Purchase Agreement No. 1771", 18, 138, 0, "2013-08-24", NULL, NULL, 3488500.0);
INSERT INTO contract (id, property_id, listing_type_id, contract_document, responsible_employee_id, client_id, contract_status_id, signed_date, start_date, end_date, price) VALUES (235, 142, 1, "Sales and Purchase Agreement No. 7148", 12, 130, 0, "2020-06-11", NULL, NULL, 630800.0);
INSERT INTO contract (id, property_id, listing_type_id, contract_document, responsible_employee_id, client_id, contract_status_id, signed_date, start_date, end_date, price) VALUES (236, 265, 1, "Sales and Purchase Agreement No. 278", 4, 276, 0, "2018-04-25", NULL, NULL, 348400.0);
INSERT INTO contract (id, property_id, listing_type_id, contract_document, responsible_employee_id, client_id, contract_status_id, signed_date, start_date, end_date, price) VALUES (237, 233, 0, "Lease Agreement No. 747", 13, 251, 0, "2023-11-20", "2023-11-20", "2026-05-10", 4200.0);
INSERT INTO contract (id, property_id, listing_type_id, contract_document, responsible_employee_id, client_id, contract_status_id, signed_date, start_date, end_date, price) VALUES (238, 74, 1, "Sales and Purchase Agreement No. 8887", 5, 238, 0, "2016-05-25", NULL, NULL, 1342000.0);
INSERT INTO contract (id, property_id, listing_type_id, contract_document, responsible_employee_id, client_id, contract_status_id, signed_date, start_date, end_date, price) VALUES (239, 31, 1, "Sales and Purchase Agreement No. 5084", 10, 290, 0, "2015-09-22", NULL, NULL, 436500.0);
INSERT INTO contract (id, property_id, listing_type_id, contract_document, responsible_employee_id, client_id, contract_status_id, signed_date, start_date, end_date, price) VALUES (240, 175, 1, "Sales and Purchase Agreement No. 4413", 15, 258, 0, "2018-04-19", NULL, NULL, 443600.0);
INSERT INTO contract (id, property_id, listing_type_id, contract_document, responsible_employee_id, client_id, contract_status_id, signed_date, start_date, end_date, price) VALUES (241, 48, 0, "Lease Agreement No. 1118", 4, 190, 0, "2015-05-27", "2015-05-27", "2020-12-09", 2700.0);
INSERT INTO contract (id, property_id, listing_type_id, contract_document, responsible_employee_id, client_id, contract_status_id, signed_date, start_date, end_date, price) VALUES (242, 96, 1, "Sales and Purchase Agreement No. 5583", 5, 338, 0, "2016-03-09", NULL, NULL, 301500.0);
INSERT INTO contract (id, property_id, listing_type_id, contract_document, responsible_employee_id, client_id, contract_status_id, signed_date, start_date, end_date, price) VALUES (243, 198, 1, "Sales and Purchase Agreement No. 6825", 11, 135, 0, "2010-09-17", NULL, NULL, 1806100.0);
INSERT INTO contract (id, property_id, listing_type_id, contract_document, responsible_employee_id, client_id, contract_status_id, signed_date, start_date, end_date, price) VALUES (244, 192, 1, "Sales and Purchase Agreement No. 4467", 8, 249, 0, "2017-07-13", NULL, NULL, 501300.0);
INSERT INTO contract (id, property_id, listing_type_id, contract_document, responsible_employee_id, client_id, contract_status_id, signed_date, start_date, end_date, price) VALUES (245, 100, 1, "Sales and Purchase Agreement No. 4917", 1, 11, 0, "2012-04-25", NULL, NULL, 800800.0);
INSERT INTO contract (id, property_id, listing_type_id, contract_document, responsible_employee_id, client_id, contract_status_id, signed_date, start_date, end_date, price) VALUES (246, 301, 0, "Lease Agreement No. 7493", 3, 182, 0, "2011-05-22", "2011-05-22", "2013-12-12", 1900.0);
INSERT INTO contract (id, property_id, listing_type_id, contract_document, responsible_employee_id, client_id, contract_status_id, signed_date, start_date, end_date, price) VALUES (247, 112, 1, "Sales and Purchase Agreement No. 7151", 12, 27, 0, "2011-10-04", NULL, NULL, 1001700.0);
INSERT INTO contract (id, property_id, listing_type_id, contract_document, responsible_employee_id, client_id, contract_status_id, signed_date, start_date, end_date, price) VALUES (248, 154, 1, "Sales and Purchase Agreement No. 6554", 19, 297, 0, "2023-05-21", NULL, NULL, 373700.0);
INSERT INTO contract (id, property_id, listing_type_id, contract_document, responsible_employee_id, client_id, contract_status_id, signed_date, start_date, end_date, price) VALUES (249, 271, 1, "Sales and Purchase Agreement No. 9923", 18, 51, 0, "2013-02-25", NULL, NULL, 239200.0);
INSERT INTO contract (id, property_id, listing_type_id, contract_document, responsible_employee_id, client_id, contract_status_id, signed_date, start_date, end_date, price) VALUES (250, 336, 0, "Lease Agreement No. 3128", 5, 88, 0, "2011-06-05", "2011-06-05", "2012-12-14", 3000.0);
INSERT INTO contract (id, property_id, listing_type_id, contract_document, responsible_employee_id, client_id, contract_status_id, signed_date, start_date, end_date, price) VALUES (251, 290, 0, "Lease Agreement No. 9198", 0, 187, 0, "2012-11-20", "2012-11-20", "2021-07-15", 2300.0);
INSERT INTO contract (id, property_id, listing_type_id, contract_document, responsible_employee_id, client_id, contract_status_id, signed_date, start_date, end_date, price) VALUES (252, 92, 1, "Sales and Purchase Agreement No. 1314", 13, 151, 0, "2019-02-23", NULL, NULL, 1595000.0);
INSERT INTO contract (id, property_id, listing_type_id, contract_document, responsible_employee_id, client_id, contract_status_id, signed_date, start_date, end_date, price) VALUES (253, 130, 1, "Sales and Purchase Agreement No. 6316", 19, 16, 0, "2011-03-19", NULL, NULL, 730400.0);
INSERT INTO contract (id, property_id, listing_type_id, contract_document, responsible_employee_id, client_id, contract_status_id, signed_date, start_date, end_date, price) VALUES (254, 55, 0, "Lease Agreement No. 7003", 16, 153, 0, "2011-02-01", "2011-02-01", "2022-08-12", 3700.0);
INSERT INTO contract (id, property_id, listing_type_id, contract_document, responsible_employee_id, client_id, contract_status_id, signed_date, start_date, end_date, price) VALUES (255, 255, 1, "Sales and Purchase Agreement No. 4911", 11, 275, 0, "2014-09-21", NULL, NULL, 277300.0);
INSERT INTO contract (id, property_id, listing_type_id, contract_document, responsible_employee_id, client_id, contract_status_id, signed_date, start_date, end_date, price) VALUES (256, 30, 1, "Sales and Purchase Agreement No. 9984", 8, 198, 0, "2019-08-05", NULL, NULL, 1091300.0);
INSERT INTO contract (id, property_id, listing_type_id, contract_document, responsible_employee_id, client_id, contract_status_id, signed_date, start_date, end_date, price) VALUES (257, 147, 0, "Lease Agreement No. 4209", 11, 98, 0, "2010-02-28", "2010-02-28", "2018-04-03", 1000.0);
INSERT INTO contract (id, property_id, listing_type_id, contract_document, responsible_employee_id, client_id, contract_status_id, signed_date, start_date, end_date, price) VALUES (258, 203, 1, "Sales and Purchase Agreement No. 444", 13, 311, 0, "2010-05-20", NULL, NULL, 268800.0);
INSERT INTO contract (id, property_id, listing_type_id, contract_document, responsible_employee_id, client_id, contract_status_id, signed_date, start_date, end_date, price) VALUES (259, 83, 0, "Lease Agreement No. 7121", 5, 295, 0, "2010-08-22", "2010-08-22", "2022-07-10", 7900.0);
INSERT INTO contract (id, property_id, listing_type_id, contract_document, responsible_employee_id, client_id, contract_status_id, signed_date, start_date, end_date, price) VALUES (260, 299, 0, "Lease Agreement No. 1714", 14, 286, 0, "2012-03-11", "2012-03-11", "2016-06-08", 4400.0);
INSERT INTO contract (id, property_id, listing_type_id, contract_document, responsible_employee_id, client_id, contract_status_id, signed_date, start_date, end_date, price) VALUES (261, 13, 1, "Sales and Purchase Agreement No. 2814", 5, 207, 0, "2021-06-29", NULL, NULL, 2960800.0);
INSERT INTO contract (id, property_id, listing_type_id, contract_document, responsible_employee_id, client_id, contract_status_id, signed_date, start_date, end_date, price) VALUES (262, 338, 1, "Sales and Purchase Agreement No. 192", 9, 74, 0, "2014-01-01", NULL, NULL, 898300.0);
INSERT INTO contract (id, property_id, listing_type_id, contract_document, responsible_employee_id, client_id, contract_status_id, signed_date, start_date, end_date, price) VALUES (263, 179, 0, "Lease Agreement No. 8417", 14, 274, 0, "2017-06-09", "2017-06-09", "2021-11-25", 23800.0);
INSERT INTO contract (id, property_id, listing_type_id, contract_document, responsible_employee_id, client_id, contract_status_id, signed_date, start_date, end_date, price) VALUES (264, 253, 1, "Sales and Purchase Agreement No. 8960", 6, 79, 0, "2010-11-29", NULL, NULL, 1084300.0);
INSERT INTO contract (id, property_id, listing_type_id, contract_document, responsible_employee_id, client_id, contract_status_id, signed_date, start_date, end_date, price) VALUES (265, 267, 1, "Sales and Purchase Agreement No. 2346", 0, 183, 0, "2022-02-27", NULL, NULL, 193800.0);
INSERT INTO contract (id, property_id, listing_type_id, contract_document, responsible_employee_id, client_id, contract_status_id, signed_date, start_date, end_date, price) VALUES (266, 67, 1, "Sales and Purchase Agreement No. 7966", 6, 84, 0, "2013-05-03", NULL, NULL, 1245100.0);
INSERT INTO contract (id, property_id, listing_type_id, contract_document, responsible_employee_id, client_id, contract_status_id, signed_date, start_date, end_date, price) VALUES (267, 68, 0, "Lease Agreement No. 2106", 5, 123, 0, "2016-03-27", "2016-03-27", "2019-07-30", 19500.0);
INSERT INTO contract (id, property_id, listing_type_id, contract_document, responsible_employee_id, client_id, contract_status_id, signed_date, start_date, end_date, price) VALUES (268, 159, 1, "Sales and Purchase Agreement No. 7149", 17, 41, 0, "2011-03-05", NULL, NULL, 633600.0);
INSERT INTO contract (id, property_id, listing_type_id, contract_document, responsible_employee_id, client_id, contract_status_id, signed_date, start_date, end_date, price) VALUES (269, 176, 0, "Lease Agreement No. 9159", 3, 296, 0, "2013-02-14", "2013-02-14", "2024-12-17", 117800.0);

INSERT INTO property_employee (employee_id, property_id, role_type_id) VALUES (4, 0, 0);
INSERT INTO property_employee (employee_id, property_id, role_type_id) VALUES (18, 1, 0);
INSERT INTO property_employee (employee_id, property_id, role_type_id) VALUES (16, 2, 0);
INSERT INTO property_employee (employee_id, property_id, role_type_id) VALUES (6, 3, 0);
INSERT INTO property_employee (employee_id, property_id, role_type_id) VALUES (0, 4, 0);
INSERT INTO property_employee (employee_id, property_id, role_type_id) VALUES (14, 5, 0);
INSERT INTO property_employee (employee_id, property_id, role_type_id) VALUES (10, 6, 0);
INSERT INTO property_employee (employee_id, property_id, role_type_id) VALUES (8, 7, 0);
INSERT INTO property_employee (employee_id, property_id, role_type_id) VALUES (14, 8, 0);
INSERT INTO property_employee (employee_id, property_id, role_type_id) VALUES (17, 9, 0);
INSERT INTO property_employee (employee_id, property_id, role_type_id) VALUES (13, 10, 0);
INSERT INTO property_employee (employee_id, property_id, role_type_id) VALUES (4, 11, 0);
INSERT INTO property_employee (employee_id, property_id, role_type_id) VALUES (4, 12, 0);
INSERT INTO property_employee (employee_id, property_id, role_type_id) VALUES (2, 13, 0);
INSERT INTO property_employee (employee_id, property_id, role_type_id) VALUES (7, 14, 0);
INSERT INTO property_employee (employee_id, property_id, role_type_id) VALUES (11, 15, 0);
INSERT INTO property_employee (employee_id, property_id, role_type_id) VALUES (11, 16, 0);
INSERT INTO property_employee (employee_id, property_id, role_type_id) VALUES (15, 17, 0);
INSERT INTO property_employee (employee_id, property_id, role_type_id) VALUES (0, 18, 0);
INSERT INTO property_employee (employee_id, property_id, role_type_id) VALUES (1, 19, 0);
INSERT INTO property_employee (employee_id, property_id, role_type_id) VALUES (0, 20, 0);
INSERT INTO property_employee (employee_id, property_id, role_type_id) VALUES (1, 21, 0);
INSERT INTO property_employee (employee_id, property_id, role_type_id) VALUES (12, 22, 0);
INSERT INTO property_employee (employee_id, property_id, role_type_id) VALUES (13, 23, 0);
INSERT INTO property_employee (employee_id, property_id, role_type_id) VALUES (2, 24, 0);
INSERT INTO property_employee (employee_id, property_id, role_type_id) VALUES (10, 25, 0);
INSERT INTO property_employee (employee_id, property_id, role_type_id) VALUES (3, 26, 0);
INSERT INTO property_employee (employee_id, property_id, role_type_id) VALUES (1, 27, 0);
INSERT INTO property_employee (employee_id, property_id, role_type_id) VALUES (4, 28, 0);
INSERT INTO property_employee (employee_id, property_id, role_type_id) VALUES (5, 29, 0);
INSERT INTO property_employee (employee_id, property_id, role_type_id) VALUES (11, 30, 0);
INSERT INTO property_employee (employee_id, property_id, role_type_id) VALUES (7, 31, 0);
INSERT INTO property_employee (employee_id, property_id, role_type_id) VALUES (9, 32, 0);
INSERT INTO property_employee (employee_id, property_id, role_type_id) VALUES (15, 33, 0);
INSERT INTO property_employee (employee_id, property_id, role_type_id) VALUES (0, 34, 0);
INSERT INTO property_employee (employee_id, property_id, role_type_id) VALUES (6, 35, 0);
INSERT INTO property_employee (employee_id, property_id, role_type_id) VALUES (8, 36, 0);
INSERT INTO property_employee (employee_id, property_id, role_type_id) VALUES (6, 37, 0);
INSERT INTO property_employee (employee_id, property_id, role_type_id) VALUES (12, 38, 0);
INSERT INTO property_employee (employee_id, property_id, role_type_id) VALUES (5, 39, 0);
INSERT INTO property_employee (employee_id, property_id, role_type_id) VALUES (14, 40, 0);
INSERT INTO property_employee (employee_id, property_id, role_type_id) VALUES (6, 41, 0);
INSERT INTO property_employee (employee_id, property_id, role_type_id) VALUES (9, 42, 0);
INSERT INTO property_employee (employee_id, property_id, role_type_id) VALUES (13, 43, 0);
INSERT INTO property_employee (employee_id, property_id, role_type_id) VALUES (16, 44, 0);
INSERT INTO property_employee (employee_id, property_id, role_type_id) VALUES (9, 45, 0);
INSERT INTO property_employee (employee_id, property_id, role_type_id) VALUES (2, 46, 0);
INSERT INTO property_employee (employee_id, property_id, role_type_id) VALUES (13, 47, 0);
INSERT INTO property_employee (employee_id, property_id, role_type_id) VALUES (10, 48, 0);
INSERT INTO property_employee (employee_id, property_id, role_type_id) VALUES (1, 49, 0);
INSERT INTO property_employee (employee_id, property_id, role_type_id) VALUES (18, 50, 0);
INSERT INTO property_employee (employee_id, property_id, role_type_id) VALUES (14, 51, 0);
INSERT INTO property_employee (employee_id, property_id, role_type_id) VALUES (7, 52, 0);
INSERT INTO property_employee (employee_id, property_id, role_type_id) VALUES (14, 53, 0);
INSERT INTO property_employee (employee_id, property_id, role_type_id) VALUES (18, 54, 0);
INSERT INTO property_employee (employee_id, property_id, role_type_id) VALUES (15, 55, 0);
INSERT INTO property_employee (employee_id, property_id, role_type_id) VALUES (6, 56, 0);
INSERT INTO property_employee (employee_id, property_id, role_type_id) VALUES (19, 57, 0);
INSERT INTO property_employee (employee_id, property_id, role_type_id) VALUES (15, 58, 0);
INSERT INTO property_employee (employee_id, property_id, role_type_id) VALUES (11, 59, 0);
INSERT INTO property_employee (employee_id, property_id, role_type_id) VALUES (9, 60, 0);
INSERT INTO property_employee (employee_id, property_id, role_type_id) VALUES (17, 61, 0);
INSERT INTO property_employee (employee_id, property_id, role_type_id) VALUES (12, 62, 0);
INSERT INTO property_employee (employee_id, property_id, role_type_id) VALUES (9, 63, 0);
INSERT INTO property_employee (employee_id, property_id, role_type_id) VALUES (14, 64, 0);
INSERT INTO property_employee (employee_id, property_id, role_type_id) VALUES (19, 65, 0);
INSERT INTO property_employee (employee_id, property_id, role_type_id) VALUES (3, 66, 0);
INSERT INTO property_employee (employee_id, property_id, role_type_id) VALUES (10, 67, 0);
INSERT INTO property_employee (employee_id, property_id, role_type_id) VALUES (11, 68, 0);
INSERT INTO property_employee (employee_id, property_id, role_type_id) VALUES (0, 69, 0);
INSERT INTO property_employee (employee_id, property_id, role_type_id) VALUES (12, 70, 0);
INSERT INTO property_employee (employee_id, property_id, role_type_id) VALUES (1, 71, 0);
INSERT INTO property_employee (employee_id, property_id, role_type_id) VALUES (18, 72, 0);
INSERT INTO property_employee (employee_id, property_id, role_type_id) VALUES (11, 73, 0);
INSERT INTO property_employee (employee_id, property_id, role_type_id) VALUES (12, 74, 0);
INSERT INTO property_employee (employee_id, property_id, role_type_id) VALUES (0, 75, 0);
INSERT INTO property_employee (employee_id, property_id, role_type_id) VALUES (3, 76, 0);
INSERT INTO property_employee (employee_id, property_id, role_type_id) VALUES (9, 77, 0);
INSERT INTO property_employee (employee_id, property_id, role_type_id) VALUES (19, 78, 0);
INSERT INTO property_employee (employee_id, property_id, role_type_id) VALUES (0, 79, 0);
INSERT INTO property_employee (employee_id, property_id, role_type_id) VALUES (14, 80, 0);
INSERT INTO property_employee (employee_id, property_id, role_type_id) VALUES (7, 81, 0);
INSERT INTO property_employee (employee_id, property_id, role_type_id) VALUES (7, 82, 0);
INSERT INTO property_employee (employee_id, property_id, role_type_id) VALUES (16, 83, 0);
INSERT INTO property_employee (employee_id, property_id, role_type_id) VALUES (14, 84, 0);
INSERT INTO property_employee (employee_id, property_id, role_type_id) VALUES (11, 85, 0);
INSERT INTO property_employee (employee_id, property_id, role_type_id) VALUES (16, 86, 0);
INSERT INTO property_employee (employee_id, property_id, role_type_id) VALUES (1, 87, 0);
INSERT INTO property_employee (employee_id, property_id, role_type_id) VALUES (13, 88, 0);
INSERT INTO property_employee (employee_id, property_id, role_type_id) VALUES (11, 89, 0);
INSERT INTO property_employee (employee_id, property_id, role_type_id) VALUES (14, 90, 0);
INSERT INTO property_employee (employee_id, property_id, role_type_id) VALUES (16, 91, 0);
INSERT INTO property_employee (employee_id, property_id, role_type_id) VALUES (11, 92, 0);
INSERT INTO property_employee (employee_id, property_id, role_type_id) VALUES (18, 93, 0);
INSERT INTO property_employee (employee_id, property_id, role_type_id) VALUES (15, 94, 0);
INSERT INTO property_employee (employee_id, property_id, role_type_id) VALUES (1, 95, 0);
INSERT INTO property_employee (employee_id, property_id, role_type_id) VALUES (16, 96, 0);
INSERT INTO property_employee (employee_id, property_id, role_type_id) VALUES (14, 97, 0);
INSERT INTO property_employee (employee_id, property_id, role_type_id) VALUES (3, 98, 0);
INSERT INTO property_employee (employee_id, property_id, role_type_id) VALUES (2, 99, 0);
INSERT INTO property_employee (employee_id, property_id, role_type_id) VALUES (1, 100, 0);
INSERT INTO property_employee (employee_id, property_id, role_type_id) VALUES (15, 101, 0);
INSERT INTO property_employee (employee_id, property_id, role_type_id) VALUES (4, 102, 0);
INSERT INTO property_employee (employee_id, property_id, role_type_id) VALUES (13, 103, 0);
INSERT INTO property_employee (employee_id, property_id, role_type_id) VALUES (17, 104, 0);
INSERT INTO property_employee (employee_id, property_id, role_type_id) VALUES (13, 105, 0);
INSERT INTO property_employee (employee_id, property_id, role_type_id) VALUES (2, 106, 0);
INSERT INTO property_employee (employee_id, property_id, role_type_id) VALUES (12, 107, 0);
INSERT INTO property_employee (employee_id, property_id, role_type_id) VALUES (19, 108, 0);
INSERT INTO property_employee (employee_id, property_id, role_type_id) VALUES (4, 109, 0);
INSERT INTO property_employee (employee_id, property_id, role_type_id) VALUES (15, 110, 0);
INSERT INTO property_employee (employee_id, property_id, role_type_id) VALUES (9, 111, 0);
INSERT INTO property_employee (employee_id, property_id, role_type_id) VALUES (17, 112, 0);
INSERT INTO property_employee (employee_id, property_id, role_type_id) VALUES (9, 113, 0);
INSERT INTO property_employee (employee_id, property_id, role_type_id) VALUES (7, 114, 0);
INSERT INTO property_employee (employee_id, property_id, role_type_id) VALUES (11, 115, 0);
INSERT INTO property_employee (employee_id, property_id, role_type_id) VALUES (16, 116, 0);
INSERT INTO property_employee (employee_id, property_id, role_type_id) VALUES (7, 117, 0);
INSERT INTO property_employee (employee_id, property_id, role_type_id) VALUES (10, 118, 0);
INSERT INTO property_employee (employee_id, property_id, role_type_id) VALUES (8, 119, 0);
INSERT INTO property_employee (employee_id, property_id, role_type_id) VALUES (19, 120, 0);
INSERT INTO property_employee (employee_id, property_id, role_type_id) VALUES (4, 121, 0);
INSERT INTO property_employee (employee_id, property_id, role_type_id) VALUES (12, 122, 0);
INSERT INTO property_employee (employee_id, property_id, role_type_id) VALUES (6, 123, 0);
INSERT INTO property_employee (employee_id, property_id, role_type_id) VALUES (9, 124, 0);
INSERT INTO property_employee (employee_id, property_id, role_type_id) VALUES (16, 125, 0);
INSERT INTO property_employee (employee_id, property_id, role_type_id) VALUES (15, 126, 0);
INSERT INTO property_employee (employee_id, property_id, role_type_id) VALUES (2, 127, 0);
INSERT INTO property_employee (employee_id, property_id, role_type_id) VALUES (1, 128, 0);
INSERT INTO property_employee (employee_id, property_id, role_type_id) VALUES (9, 129, 0);
INSERT INTO property_employee (employee_id, property_id, role_type_id) VALUES (4, 130, 0);
INSERT INTO property_employee (employee_id, property_id, role_type_id) VALUES (18, 131, 0);
INSERT INTO property_employee (employee_id, property_id, role_type_id) VALUES (13, 132, 0);
INSERT INTO property_employee (employee_id, property_id, role_type_id) VALUES (6, 133, 0);
INSERT INTO property_employee (employee_id, property_id, role_type_id) VALUES (0, 134, 0);
INSERT INTO property_employee (employee_id, property_id, role_type_id) VALUES (19, 135, 0);
INSERT INTO property_employee (employee_id, property_id, role_type_id) VALUES (6, 136, 0);
INSERT INTO property_employee (employee_id, property_id, role_type_id) VALUES (18, 137, 0);
INSERT INTO property_employee (employee_id, property_id, role_type_id) VALUES (18, 138, 0);
INSERT INTO property_employee (employee_id, property_id, role_type_id) VALUES (9, 139, 0);
INSERT INTO property_employee (employee_id, property_id, role_type_id) VALUES (11, 140, 0);
INSERT INTO property_employee (employee_id, property_id, role_type_id) VALUES (16, 141, 0);
INSERT INTO property_employee (employee_id, property_id, role_type_id) VALUES (16, 142, 0);
INSERT INTO property_employee (employee_id, property_id, role_type_id) VALUES (1, 143, 0);
INSERT INTO property_employee (employee_id, property_id, role_type_id) VALUES (4, 144, 0);
INSERT INTO property_employee (employee_id, property_id, role_type_id) VALUES (18, 145, 0);
INSERT INTO property_employee (employee_id, property_id, role_type_id) VALUES (2, 146, 0);
INSERT INTO property_employee (employee_id, property_id, role_type_id) VALUES (14, 147, 0);
INSERT INTO property_employee (employee_id, property_id, role_type_id) VALUES (14, 148, 0);
INSERT INTO property_employee (employee_id, property_id, role_type_id) VALUES (13, 149, 0);
INSERT INTO property_employee (employee_id, property_id, role_type_id) VALUES (5, 150, 0);
INSERT INTO property_employee (employee_id, property_id, role_type_id) VALUES (18, 151, 0);
INSERT INTO property_employee (employee_id, property_id, role_type_id) VALUES (7, 152, 0);
INSERT INTO property_employee (employee_id, property_id, role_type_id) VALUES (19, 153, 0);
INSERT INTO property_employee (employee_id, property_id, role_type_id) VALUES (1, 154, 0);
INSERT INTO property_employee (employee_id, property_id, role_type_id) VALUES (12, 155, 0);
INSERT INTO property_employee (employee_id, property_id, role_type_id) VALUES (12, 156, 0);
INSERT INTO property_employee (employee_id, property_id, role_type_id) VALUES (12, 157, 0);
INSERT INTO property_employee (employee_id, property_id, role_type_id) VALUES (14, 158, 0);
INSERT INTO property_employee (employee_id, property_id, role_type_id) VALUES (14, 159, 0);
INSERT INTO property_employee (employee_id, property_id, role_type_id) VALUES (4, 160, 0);
INSERT INTO property_employee (employee_id, property_id, role_type_id) VALUES (10, 161, 0);
INSERT INTO property_employee (employee_id, property_id, role_type_id) VALUES (12, 162, 0);
INSERT INTO property_employee (employee_id, property_id, role_type_id) VALUES (11, 163, 0);
INSERT INTO property_employee (employee_id, property_id, role_type_id) VALUES (1, 164, 0);
INSERT INTO property_employee (employee_id, property_id, role_type_id) VALUES (17, 165, 0);
INSERT INTO property_employee (employee_id, property_id, role_type_id) VALUES (8, 166, 0);
INSERT INTO property_employee (employee_id, property_id, role_type_id) VALUES (5, 167, 0);
INSERT INTO property_employee (employee_id, property_id, role_type_id) VALUES (8, 168, 0);
INSERT INTO property_employee (employee_id, property_id, role_type_id) VALUES (0, 169, 0);
INSERT INTO property_employee (employee_id, property_id, role_type_id) VALUES (8, 170, 0);
INSERT INTO property_employee (employee_id, property_id, role_type_id) VALUES (6, 171, 0);
INSERT INTO property_employee (employee_id, property_id, role_type_id) VALUES (8, 172, 0);
INSERT INTO property_employee (employee_id, property_id, role_type_id) VALUES (13, 173, 0);
INSERT INTO property_employee (employee_id, property_id, role_type_id) VALUES (3, 174, 0);
INSERT INTO property_employee (employee_id, property_id, role_type_id) VALUES (16, 175, 0);
INSERT INTO property_employee (employee_id, property_id, role_type_id) VALUES (4, 176, 0);
INSERT INTO property_employee (employee_id, property_id, role_type_id) VALUES (5, 177, 0);
INSERT INTO property_employee (employee_id, property_id, role_type_id) VALUES (15, 178, 0);
INSERT INTO property_employee (employee_id, property_id, role_type_id) VALUES (12, 179, 0);
INSERT INTO property_employee (employee_id, property_id, role_type_id) VALUES (18, 180, 0);
INSERT INTO property_employee (employee_id, property_id, role_type_id) VALUES (5, 181, 0);
INSERT INTO property_employee (employee_id, property_id, role_type_id) VALUES (19, 182, 0);
INSERT INTO property_employee (employee_id, property_id, role_type_id) VALUES (1, 183, 0);
INSERT INTO property_employee (employee_id, property_id, role_type_id) VALUES (16, 184, 0);
INSERT INTO property_employee (employee_id, property_id, role_type_id) VALUES (15, 185, 0);
INSERT INTO property_employee (employee_id, property_id, role_type_id) VALUES (13, 186, 0);
INSERT INTO property_employee (employee_id, property_id, role_type_id) VALUES (5, 187, 0);
INSERT INTO property_employee (employee_id, property_id, role_type_id) VALUES (13, 188, 0);
INSERT INTO property_employee (employee_id, property_id, role_type_id) VALUES (3, 189, 0);
INSERT INTO property_employee (employee_id, property_id, role_type_id) VALUES (18, 190, 0);
INSERT INTO property_employee (employee_id, property_id, role_type_id) VALUES (4, 191, 0);
INSERT INTO property_employee (employee_id, property_id, role_type_id) VALUES (12, 192, 0);
INSERT INTO property_employee (employee_id, property_id, role_type_id) VALUES (11, 193, 0);
INSERT INTO property_employee (employee_id, property_id, role_type_id) VALUES (1, 194, 0);
INSERT INTO property_employee (employee_id, property_id, role_type_id) VALUES (7, 195, 0);
INSERT INTO property_employee (employee_id, property_id, role_type_id) VALUES (5, 196, 0);
INSERT INTO property_employee (employee_id, property_id, role_type_id) VALUES (1, 197, 0);
INSERT INTO property_employee (employee_id, property_id, role_type_id) VALUES (14, 198, 0);
INSERT INTO property_employee (employee_id, property_id, role_type_id) VALUES (17, 199, 0);
INSERT INTO property_employee (employee_id, property_id, role_type_id) VALUES (18, 200, 0);
INSERT INTO property_employee (employee_id, property_id, role_type_id) VALUES (15, 201, 0);
INSERT INTO property_employee (employee_id, property_id, role_type_id) VALUES (14, 202, 0);
INSERT INTO property_employee (employee_id, property_id, role_type_id) VALUES (17, 203, 0);
INSERT INTO property_employee (employee_id, property_id, role_type_id) VALUES (13, 204, 0);
INSERT INTO property_employee (employee_id, property_id, role_type_id) VALUES (12, 205, 0);
INSERT INTO property_employee (employee_id, property_id, role_type_id) VALUES (2, 206, 0);
INSERT INTO property_employee (employee_id, property_id, role_type_id) VALUES (15, 207, 0);
INSERT INTO property_employee (employee_id, property_id, role_type_id) VALUES (18, 208, 0);
INSERT INTO property_employee (employee_id, property_id, role_type_id) VALUES (9, 209, 0);
INSERT INTO property_employee (employee_id, property_id, role_type_id) VALUES (1, 210, 0);
INSERT INTO property_employee (employee_id, property_id, role_type_id) VALUES (9, 211, 0);
INSERT INTO property_employee (employee_id, property_id, role_type_id) VALUES (13, 212, 0);
INSERT INTO property_employee (employee_id, property_id, role_type_id) VALUES (9, 213, 0);
INSERT INTO property_employee (employee_id, property_id, role_type_id) VALUES (3, 214, 0);
INSERT INTO property_employee (employee_id, property_id, role_type_id) VALUES (10, 215, 0);
INSERT INTO property_employee (employee_id, property_id, role_type_id) VALUES (6, 216, 0);
INSERT INTO property_employee (employee_id, property_id, role_type_id) VALUES (5, 217, 0);
INSERT INTO property_employee (employee_id, property_id, role_type_id) VALUES (5, 218, 0);
INSERT INTO property_employee (employee_id, property_id, role_type_id) VALUES (2, 219, 0);
INSERT INTO property_employee (employee_id, property_id, role_type_id) VALUES (12, 220, 0);
INSERT INTO property_employee (employee_id, property_id, role_type_id) VALUES (16, 221, 0);
INSERT INTO property_employee (employee_id, property_id, role_type_id) VALUES (2, 222, 0);
INSERT INTO property_employee (employee_id, property_id, role_type_id) VALUES (18, 223, 0);
INSERT INTO property_employee (employee_id, property_id, role_type_id) VALUES (17, 224, 0);
INSERT INTO property_employee (employee_id, property_id, role_type_id) VALUES (15, 225, 0);
INSERT INTO property_employee (employee_id, property_id, role_type_id) VALUES (11, 226, 0);
INSERT INTO property_employee (employee_id, property_id, role_type_id) VALUES (4, 227, 0);
INSERT INTO property_employee (employee_id, property_id, role_type_id) VALUES (16, 228, 0);
INSERT INTO property_employee (employee_id, property_id, role_type_id) VALUES (19, 229, 0);
INSERT INTO property_employee (employee_id, property_id, role_type_id) VALUES (10, 230, 0);
INSERT INTO property_employee (employee_id, property_id, role_type_id) VALUES (11, 231, 0);
INSERT INTO property_employee (employee_id, property_id, role_type_id) VALUES (16, 232, 0);
INSERT INTO property_employee (employee_id, property_id, role_type_id) VALUES (16, 233, 0);
INSERT INTO property_employee (employee_id, property_id, role_type_id) VALUES (0, 234, 0);
INSERT INTO property_employee (employee_id, property_id, role_type_id) VALUES (17, 235, 0);
INSERT INTO property_employee (employee_id, property_id, role_type_id) VALUES (8, 236, 0);
INSERT INTO property_employee (employee_id, property_id, role_type_id) VALUES (1, 237, 0);
INSERT INTO property_employee (employee_id, property_id, role_type_id) VALUES (19, 238, 0);
INSERT INTO property_employee (employee_id, property_id, role_type_id) VALUES (12, 239, 0);
INSERT INTO property_employee (employee_id, property_id, role_type_id) VALUES (7, 240, 0);
INSERT INTO property_employee (employee_id, property_id, role_type_id) VALUES (16, 241, 0);
INSERT INTO property_employee (employee_id, property_id, role_type_id) VALUES (0, 242, 0);
INSERT INTO property_employee (employee_id, property_id, role_type_id) VALUES (6, 243, 0);
INSERT INTO property_employee (employee_id, property_id, role_type_id) VALUES (10, 244, 0);
INSERT INTO property_employee (employee_id, property_id, role_type_id) VALUES (7, 245, 0);
INSERT INTO property_employee (employee_id, property_id, role_type_id) VALUES (5, 246, 0);
INSERT INTO property_employee (employee_id, property_id, role_type_id) VALUES (10, 247, 0);
INSERT INTO property_employee (employee_id, property_id, role_type_id) VALUES (0, 248, 0);
INSERT INTO property_employee (employee_id, property_id, role_type_id) VALUES (15, 249, 0);
INSERT INTO property_employee (employee_id, property_id, role_type_id) VALUES (12, 250, 0);
INSERT INTO property_employee (employee_id, property_id, role_type_id) VALUES (9, 251, 0);
INSERT INTO property_employee (employee_id, property_id, role_type_id) VALUES (17, 252, 0);
INSERT INTO property_employee (employee_id, property_id, role_type_id) VALUES (4, 253, 0);
INSERT INTO property_employee (employee_id, property_id, role_type_id) VALUES (7, 254, 0);
INSERT INTO property_employee (employee_id, property_id, role_type_id) VALUES (11, 255, 0);
INSERT INTO property_employee (employee_id, property_id, role_type_id) VALUES (0, 256, 0);
INSERT INTO property_employee (employee_id, property_id, role_type_id) VALUES (7, 257, 0);
INSERT INTO property_employee (employee_id, property_id, role_type_id) VALUES (13, 258, 0);
INSERT INTO property_employee (employee_id, property_id, role_type_id) VALUES (7, 259, 0);
INSERT INTO property_employee (employee_id, property_id, role_type_id) VALUES (5, 260, 0);
INSERT INTO property_employee (employee_id, property_id, role_type_id) VALUES (4, 261, 0);
INSERT INTO property_employee (employee_id, property_id, role_type_id) VALUES (19, 262, 0);
INSERT INTO property_employee (employee_id, property_id, role_type_id) VALUES (3, 263, 0);
INSERT INTO property_employee (employee_id, property_id, role_type_id) VALUES (18, 264, 0);
INSERT INTO property_employee (employee_id, property_id, role_type_id) VALUES (17, 265, 0);
INSERT INTO property_employee (employee_id, property_id, role_type_id) VALUES (19, 266, 0);
INSERT INTO property_employee (employee_id, property_id, role_type_id) VALUES (6, 267, 0);
INSERT INTO property_employee (employee_id, property_id, role_type_id) VALUES (17, 268, 0);
INSERT INTO property_employee (employee_id, property_id, role_type_id) VALUES (11, 269, 0);
INSERT INTO property_employee (employee_id, property_id, role_type_id) VALUES (6, 270, 0);
INSERT INTO property_employee (employee_id, property_id, role_type_id) VALUES (3, 271, 0);
INSERT INTO property_employee (employee_id, property_id, role_type_id) VALUES (11, 272, 0);
INSERT INTO property_employee (employee_id, property_id, role_type_id) VALUES (8, 273, 0);
INSERT INTO property_employee (employee_id, property_id, role_type_id) VALUES (16, 274, 0);
INSERT INTO property_employee (employee_id, property_id, role_type_id) VALUES (14, 275, 0);
INSERT INTO property_employee (employee_id, property_id, role_type_id) VALUES (3, 276, 0);
INSERT INTO property_employee (employee_id, property_id, role_type_id) VALUES (7, 277, 0);
INSERT INTO property_employee (employee_id, property_id, role_type_id) VALUES (2, 278, 0);
INSERT INTO property_employee (employee_id, property_id, role_type_id) VALUES (5, 279, 0);
INSERT INTO property_employee (employee_id, property_id, role_type_id) VALUES (9, 280, 0);
INSERT INTO property_employee (employee_id, property_id, role_type_id) VALUES (15, 281, 0);
INSERT INTO property_employee (employee_id, property_id, role_type_id) VALUES (18, 282, 0);
INSERT INTO property_employee (employee_id, property_id, role_type_id) VALUES (11, 283, 0);
INSERT INTO property_employee (employee_id, property_id, role_type_id) VALUES (10, 284, 0);
INSERT INTO property_employee (employee_id, property_id, role_type_id) VALUES (16, 285, 0);
INSERT INTO property_employee (employee_id, property_id, role_type_id) VALUES (14, 286, 0);
INSERT INTO property_employee (employee_id, property_id, role_type_id) VALUES (19, 287, 0);
INSERT INTO property_employee (employee_id, property_id, role_type_id) VALUES (19, 288, 0);
INSERT INTO property_employee (employee_id, property_id, role_type_id) VALUES (15, 289, 0);
INSERT INTO property_employee (employee_id, property_id, role_type_id) VALUES (4, 290, 0);
INSERT INTO property_employee (employee_id, property_id, role_type_id) VALUES (15, 291, 0);
INSERT INTO property_employee (employee_id, property_id, role_type_id) VALUES (19, 292, 0);
INSERT INTO property_employee (employee_id, property_id, role_type_id) VALUES (9, 293, 0);
INSERT INTO property_employee (employee_id, property_id, role_type_id) VALUES (1, 294, 0);
INSERT INTO property_employee (employee_id, property_id, role_type_id) VALUES (18, 295, 0);
INSERT INTO property_employee (employee_id, property_id, role_type_id) VALUES (2, 296, 0);
INSERT INTO property_employee (employee_id, property_id, role_type_id) VALUES (10, 297, 0);
INSERT INTO property_employee (employee_id, property_id, role_type_id) VALUES (8, 298, 0);
INSERT INTO property_employee (employee_id, property_id, role_type_id) VALUES (14, 299, 0);
INSERT INTO property_employee (employee_id, property_id, role_type_id) VALUES (4, 300, 0);
INSERT INTO property_employee (employee_id, property_id, role_type_id) VALUES (17, 301, 0);
INSERT INTO property_employee (employee_id, property_id, role_type_id) VALUES (6, 302, 0);
INSERT INTO property_employee (employee_id, property_id, role_type_id) VALUES (0, 303, 0);
INSERT INTO property_employee (employee_id, property_id, role_type_id) VALUES (6, 304, 0);
INSERT INTO property_employee (employee_id, property_id, role_type_id) VALUES (6, 305, 0);
INSERT INTO property_employee (employee_id, property_id, role_type_id) VALUES (1, 306, 0);
INSERT INTO property_employee (employee_id, property_id, role_type_id) VALUES (10, 307, 0);
INSERT INTO property_employee (employee_id, property_id, role_type_id) VALUES (15, 308, 0);
INSERT INTO property_employee (employee_id, property_id, role_type_id) VALUES (13, 309, 0);
INSERT INTO property_employee (employee_id, property_id, role_type_id) VALUES (6, 310, 0);
INSERT INTO property_employee (employee_id, property_id, role_type_id) VALUES (11, 311, 0);
INSERT INTO property_employee (employee_id, property_id, role_type_id) VALUES (7, 312, 0);
INSERT INTO property_employee (employee_id, property_id, role_type_id) VALUES (12, 313, 0);
INSERT INTO property_employee (employee_id, property_id, role_type_id) VALUES (5, 314, 0);
INSERT INTO property_employee (employee_id, property_id, role_type_id) VALUES (10, 315, 0);
INSERT INTO property_employee (employee_id, property_id, role_type_id) VALUES (19, 316, 0);
INSERT INTO property_employee (employee_id, property_id, role_type_id) VALUES (17, 317, 0);
INSERT INTO property_employee (employee_id, property_id, role_type_id) VALUES (10, 318, 0);
INSERT INTO property_employee (employee_id, property_id, role_type_id) VALUES (16, 319, 0);
INSERT INTO property_employee (employee_id, property_id, role_type_id) VALUES (19, 320, 0);
INSERT INTO property_employee (employee_id, property_id, role_type_id) VALUES (19, 321, 0);
INSERT INTO property_employee (employee_id, property_id, role_type_id) VALUES (10, 322, 0);
INSERT INTO property_employee (employee_id, property_id, role_type_id) VALUES (17, 323, 0);
INSERT INTO property_employee (employee_id, property_id, role_type_id) VALUES (6, 324, 0);
INSERT INTO property_employee (employee_id, property_id, role_type_id) VALUES (5, 325, 0);
INSERT INTO property_employee (employee_id, property_id, role_type_id) VALUES (0, 326, 0);
INSERT INTO property_employee (employee_id, property_id, role_type_id) VALUES (5, 327, 0);
INSERT INTO property_employee (employee_id, property_id, role_type_id) VALUES (16, 328, 0);
INSERT INTO property_employee (employee_id, property_id, role_type_id) VALUES (5, 329, 0);
INSERT INTO property_employee (employee_id, property_id, role_type_id) VALUES (2, 330, 0);
INSERT INTO property_employee (employee_id, property_id, role_type_id) VALUES (16, 331, 0);
INSERT INTO property_employee (employee_id, property_id, role_type_id) VALUES (7, 332, 0);
INSERT INTO property_employee (employee_id, property_id, role_type_id) VALUES (14, 333, 0);
INSERT INTO property_employee (employee_id, property_id, role_type_id) VALUES (2, 334, 0);
INSERT INTO property_employee (employee_id, property_id, role_type_id) VALUES (2, 335, 0);
INSERT INTO property_employee (employee_id, property_id, role_type_id) VALUES (2, 336, 0);
INSERT INTO property_employee (employee_id, property_id, role_type_id) VALUES (10, 337, 0);
INSERT INTO property_employee (employee_id, property_id, role_type_id) VALUES (2, 338, 0);
INSERT INTO property_employee (employee_id, property_id, role_type_id) VALUES (0, 339, 0);
INSERT INTO property_employee (employee_id, property_id, role_type_id) VALUES (8, 340, 0);
INSERT INTO property_employee (employee_id, property_id, role_type_id) VALUES (11, 341, 0);
INSERT INTO property_employee (employee_id, property_id, role_type_id) VALUES (13, 342, 0);

INSERT INTO offer (id, client_id, property_id, offer_status_id, offer_amount) VALUES (0.0, 338.0, 7.0, 2.0, 24700.0);
INSERT INTO offer (id, client_id, property_id, offer_status_id, offer_amount) VALUES (1.0, 144.0, 8.0, 2.0, 1190000.0);
INSERT INTO offer (id, client_id, property_id, offer_status_id, offer_amount) VALUES (2.0, 101.0, 36.0, 2.0, 700.0);
INSERT INTO offer (id, client_id, property_id, offer_status_id, offer_amount) VALUES (3.0, 94.0, 44.0, 1.0, 1339000.0);
INSERT INTO offer (id, client_id, property_id, offer_status_id, offer_amount) VALUES (4.0, 201.0, 53.0, 0.0, 406000.0);
INSERT INTO offer (id, client_id, property_id, offer_status_id, offer_amount) VALUES (5.0, 209.0, 58.0, 0.0, 600.0);
INSERT INTO offer (id, client_id, property_id, offer_status_id, offer_amount) VALUES (6.0, 249.0, 61.0, 1.0, 3600.0);
INSERT INTO offer (id, client_id, property_id, offer_status_id, offer_amount) VALUES (7.0, 11.0, 87.0, 2.0, 981000.0);
INSERT INTO offer (id, client_id, property_id, offer_status_id, offer_amount) VALUES (8.0, 225.0, 94.0, 2.0, 1211000.0);
INSERT INTO offer (id, client_id, property_id, offer_status_id, offer_amount) VALUES (9.0, 239.0, 99.0, 0.0, 1200.0);
INSERT INTO offer (id, client_id, property_id, offer_status_id, offer_amount) VALUES (10.0, 222.0, 115.0, 0.0, 740000.0);
INSERT INTO offer (id, client_id, property_id, offer_status_id, offer_amount) VALUES (11.0, 174.0, 126.0, 2.0, 9000.0);
INSERT INTO offer (id, client_id, property_id, offer_status_id, offer_amount) VALUES (12.0, 170.0, 129.0, 0.0, 1500.0);
INSERT INTO offer (id, client_id, property_id, offer_status_id, offer_amount) VALUES (13.0, 282.0, 131.0, 0.0, 1400.0);
INSERT INTO offer (id, client_id, property_id, offer_status_id, offer_amount) VALUES (14.0, 84.0, 138.0, 2.0, 719000.0);
INSERT INTO offer (id, client_id, property_id, offer_status_id, offer_amount) VALUES (15.0, 18.0, 144.0, 1.0, 205000.0);
INSERT INTO offer (id, client_id, property_id, offer_status_id, offer_amount) VALUES (16.0, 35.0, 166.0, 0.0, 3700.0);
INSERT INTO offer (id, client_id, property_id, offer_status_id, offer_amount) VALUES (17.0, 167.0, 169.0, 1.0, 123000.0);
INSERT INTO offer (id, client_id, property_id, offer_status_id, offer_amount) VALUES (18.0, 329.0, 209.0, 0.0, 1100.0);
INSERT INTO offer (id, client_id, property_id, offer_status_id, offer_amount) VALUES (19.0, 28.0, 224.0, 1.0, 2900.0);
INSERT INTO offer (id, client_id, property_id, offer_status_id, offer_amount) VALUES (20.0, 332.0, 228.0, 0.0, 611000.0);
INSERT INTO offer (id, client_id, property_id, offer_status_id, offer_amount) VALUES (21.0, 131.0, 234.0, 2.0, 1300.0);
INSERT INTO offer (id, client_id, property_id, offer_status_id, offer_amount) VALUES (22.0, 171.0, 242.0, 1.0, 1400.0);
INSERT INTO offer (id, client_id, property_id, offer_status_id, offer_amount) VALUES (23.0, 93.0, 246.0, 0.0, 8100.0);
INSERT INTO offer (id, client_id, property_id, offer_status_id, offer_amount) VALUES (24.0, 166.0, 250.0, 0.0, 244000.0);
INSERT INTO offer (id, client_id, property_id, offer_status_id, offer_amount) VALUES (25.0, 115.0, 273.0, 0.0, 11000.0);
INSERT INTO offer (id, client_id, property_id, offer_status_id, offer_amount) VALUES (26.0, 185.0, 279.0, 2.0, 2400.0);
INSERT INTO offer (id, client_id, property_id, offer_status_id, offer_amount) VALUES (27.0, 127.0, 282.0, 1.0, 2758000.0);
INSERT INTO offer (id, client_id, property_id, offer_status_id, offer_amount) VALUES (28.0, 40.0, 287.0, 2.0, 741000.0);
INSERT INTO offer (id, client_id, property_id, offer_status_id, offer_amount) VALUES (29.0, 66.0, 289.0, 0.0, 800.0);
INSERT INTO offer (id, client_id, property_id, offer_status_id, offer_amount) VALUES (30.0, 312.0, 291.0, 1.0, 1600.0);
INSERT INTO offer (id, client_id, property_id, offer_status_id, offer_amount) VALUES (31.0, 163.0, 302.0, 2.0, 4826000.0);
INSERT INTO offer (id, client_id, property_id, offer_status_id, offer_amount) VALUES (32.0, 284.0, 313.0, 2.0, 1200.0);
INSERT INTO offer (id, client_id, property_id, offer_status_id, offer_amount) VALUES (33.0, 289.0, 319.0, 2.0, 2000.0);
INSERT INTO offer (id, client_id, property_id, offer_status_id, offer_amount) VALUES (34.0, 311.0, 321.0, 0.0, 2942000.0);
INSERT INTO offer (id, client_id, property_id, offer_status_id, offer_amount) VALUES (35.0, 328.0, 325.0, 1.0, 5000.0);
INSERT INTO offer (id, client_id, property_id, offer_status_id, offer_amount) VALUES (36.0, 218.0, 342.0, 1.0, 6100.0);

INSERT INTO feature (id, feature_description) VALUES (0, "Sofa");
INSERT INTO feature (id, feature_description) VALUES (1, "Coffee table");
INSERT INTO feature (id, feature_description) VALUES (2, "Television");
INSERT INTO feature (id, feature_description) VALUES (3, "Bookshelves");
INSERT INTO feature (id, feature_description) VALUES (4, "Refrigerator");
INSERT INTO feature (id, feature_description) VALUES (5, "Stove");
INSERT INTO feature (id, feature_description) VALUES (6, "Oven");
INSERT INTO feature (id, feature_description) VALUES (7, "Microwave");
INSERT INTO feature (id, feature_description) VALUES (8, "Dishwasher");
INSERT INTO feature (id, feature_description) VALUES (9, "Sink");
INSERT INTO feature (id, feature_description) VALUES (10, "Cabinets");
INSERT INTO feature (id, feature_description) VALUES (11, "Dining table");
INSERT INTO feature (id, feature_description) VALUES (12, "Chairs");
INSERT INTO feature (id, feature_description) VALUES (13, "Bed frame");
INSERT INTO feature (id, feature_description) VALUES (14, "Mattress");
INSERT INTO feature (id, feature_description) VALUES (15, "Dresser");
INSERT INTO feature (id, feature_description) VALUES (16, "Nightstands");
INSERT INTO feature (id, feature_description) VALUES (17, "Wardrobe");
INSERT INTO feature (id, feature_description) VALUES (18, "Bathtub/shower");
INSERT INTO feature (id, feature_description) VALUES (19, "Toilet");
INSERT INTO feature (id, feature_description) VALUES (20, "Sink");
INSERT INTO feature (id, feature_description) VALUES (21, "Medicine cabinet");
INSERT INTO feature (id, feature_description) VALUES (22, "Desk");
INSERT INTO feature (id, feature_description) VALUES (23, "Chair");
INSERT INTO feature (id, feature_description) VALUES (24, "Shelves");
INSERT INTO feature (id, feature_description) VALUES (25, "Washer");
INSERT INTO feature (id, feature_description) VALUES (26, "Dryer");
INSERT INTO feature (id, feature_description) VALUES (27, "Laundry sink");
INSERT INTO feature (id, feature_description) VALUES (28, "Storage shelves");
INSERT INTO feature (id, feature_description) VALUES (29, "HVAC system");
INSERT INTO feature (id, feature_description) VALUES (30, "Water heater");
INSERT INTO feature (id, feature_description) VALUES (31, "Electrical panel");
INSERT INTO feature (id, feature_description) VALUES (32, "Smart thermostats");
INSERT INTO feature (id, feature_description) VALUES (33, "Home security system");
INSERT INTO feature (id, feature_description) VALUES (34, "Smart lighting");
INSERT INTO feature (id, feature_description) VALUES (35, "Smart doorbell");
INSERT INTO feature (id, feature_description) VALUES (36, "Artwork");
INSERT INTO feature (id, feature_description) VALUES (37, "Mirrors");
INSERT INTO feature (id, feature_description) VALUES (38, "Rugs");
INSERT INTO feature (id, feature_description) VALUES (39, "Curtains");
INSERT INTO feature (id, feature_description) VALUES (40, "Television(s)");
INSERT INTO feature (id, feature_description) VALUES (41, "Sound system");
INSERT INTO feature (id, feature_description) VALUES (42, "Wi-Fi router");

INSERT INTO listing (id, property_id, listing_type_id, price) VALUES (0.0, 5.0, 2.0, 2628000.0);
INSERT INTO listing (id, property_id, listing_type_id, price) VALUES (1.0, 11.0, 2.0, 260000.0);
INSERT INTO listing (id, property_id, listing_type_id, price) VALUES (2.0, 19.0, 2.0, 40493000.0);
INSERT INTO listing (id, property_id, listing_type_id, price) VALUES (3.0, 20.0, 0.0, 1658000.0);
INSERT INTO listing (id, property_id, listing_type_id, price) VALUES (4.0, 37.0, 2.0, 3053000.0);
INSERT INTO listing (id, property_id, listing_type_id, price) VALUES (5.0, 39.0, 1.0, 2197000.0);
INSERT INTO listing (id, property_id, listing_type_id, price) VALUES (6.0, 42.0, 2.0, 365000.0);
INSERT INTO listing (id, property_id, listing_type_id, price) VALUES (7.0, 71.0, 0.0, 1065000.0);
INSERT INTO listing (id, property_id, listing_type_id, price) VALUES (8.0, 80.0, 0.0, 1458000.0);
INSERT INTO listing (id, property_id, listing_type_id, price) VALUES (9.0, 84.0, 1.0, 600000.0);
INSERT INTO listing (id, property_id, listing_type_id, price) VALUES (10.0, 85.0, 0.0, 352000.0);
INSERT INTO listing (id, property_id, listing_type_id, price) VALUES (11.0, 95.0, 2.0, 1397000.0);
INSERT INTO listing (id, property_id, listing_type_id, price) VALUES (12.0, 97.0, 0.0, 1431000.0);
INSERT INTO listing (id, property_id, listing_type_id, price) VALUES (13.0, 111.0, 2.0, 253000.0);
INSERT INTO listing (id, property_id, listing_type_id, price) VALUES (14.0, 114.0, 2.0, 22023000.0);
INSERT INTO listing (id, property_id, listing_type_id, price) VALUES (15.0, 120.0, 1.0, 370000.0);
INSERT INTO listing (id, property_id, listing_type_id, price) VALUES (16.0, 123.0, 0.0, 1126000.0);
INSERT INTO listing (id, property_id, listing_type_id, price) VALUES (17.0, 133.0, 0.0, 1142000.0);
INSERT INTO listing (id, property_id, listing_type_id, price) VALUES (18.0, 134.0, 1.0, 800000.0);
INSERT INTO listing (id, property_id, listing_type_id, price) VALUES (19.0, 150.0, 2.0, 798000.0);
INSERT INTO listing (id, property_id, listing_type_id, price) VALUES (20.0, 155.0, 0.0, 681000.0);
INSERT INTO listing (id, property_id, listing_type_id, price) VALUES (21.0, 172.0, 0.0, 137000.0);
INSERT INTO listing (id, property_id, listing_type_id, price) VALUES (22.0, 185.0, 1.0, 220000.0);
INSERT INTO listing (id, property_id, listing_type_id, price) VALUES (23.0, 223.0, 0.0, 292000.0);
INSERT INTO listing (id, property_id, listing_type_id, price) VALUES (24.0, 225.0, 0.0, 826000.0);
INSERT INTO listing (id, property_id, listing_type_id, price) VALUES (25.0, 230.0, 0.0, 2218000.0);
INSERT INTO listing (id, property_id, listing_type_id, price) VALUES (26.0, 252.0, 2.0, 196000.0);
INSERT INTO listing (id, property_id, listing_type_id, price) VALUES (27.0, 262.0, 1.0, 1828000.0);
INSERT INTO listing (id, property_id, listing_type_id, price) VALUES (28.0, 278.0, 0.0, 878000.0);
INSERT INTO listing (id, property_id, listing_type_id, price) VALUES (29.0, 293.0, 2.0, 326000.0);
INSERT INTO listing (id, property_id, listing_type_id, price) VALUES (30.0, 294.0, 0.0, 184000.0);
INSERT INTO listing (id, property_id, listing_type_id, price) VALUES (31.0, 298.0, 2.0, 1264000.0);
INSERT INTO listing (id, property_id, listing_type_id, price) VALUES (32.0, 322.0, 2.0, 1273000.0);
INSERT INTO listing (id, property_id, listing_type_id, price) VALUES (33.0, 323.0, 0.0, 661000.0);
INSERT INTO listing (id, property_id, listing_type_id, price) VALUES (34.0, 332.0, 0.0, 358000.0);
INSERT INTO listing (id, property_id, listing_type_id, price) VALUES (35.0, 335.0, 1.0, 2320000.0);

INSERT INTO client_property_interest (client_id, property_id) VALUES (192, 5);
INSERT INTO client_property_interest (client_id, property_id) VALUES (69, 11);
INSERT INTO client_property_interest (client_id, property_id) VALUES (319, 19);
INSERT INTO client_property_interest (client_id, property_id) VALUES (260, 20);
INSERT INTO client_property_interest (client_id, property_id) VALUES (254, 37);
INSERT INTO client_property_interest (client_id, property_id) VALUES (13, 39);
INSERT INTO client_property_interest (client_id, property_id) VALUES (58, 42);
INSERT INTO client_property_interest (client_id, property_id) VALUES (82, 71);
INSERT INTO client_property_interest (client_id, property_id) VALUES (199, 80);
INSERT INTO client_property_interest (client_id, property_id) VALUES (15, 84);
INSERT INTO client_property_interest (client_id, property_id) VALUES (36, 85);
INSERT INTO client_property_interest (client_id, property_id) VALUES (145, 95);
INSERT INTO client_property_interest (client_id, property_id) VALUES (24, 97);
INSERT INTO client_property_interest (client_id, property_id) VALUES (59, 111);
INSERT INTO client_property_interest (client_id, property_id) VALUES (276, 114);
INSERT INTO client_property_interest (client_id, property_id) VALUES (110, 120);
INSERT INTO client_property_interest (client_id, property_id) VALUES (158, 123);
INSERT INTO client_property_interest (client_id, property_id) VALUES (83, 133);
INSERT INTO client_property_interest (client_id, property_id) VALUES (147, 134);
INSERT INTO client_property_interest (client_id, property_id) VALUES (98, 150);
INSERT INTO client_property_interest (client_id, property_id) VALUES (267, 155);
INSERT INTO client_property_interest (client_id, property_id) VALUES (51, 172);
INSERT INTO client_property_interest (client_id, property_id) VALUES (164, 185);
INSERT INTO client_property_interest (client_id, property_id) VALUES (283, 223);
INSERT INTO client_property_interest (client_id, property_id) VALUES (129, 225);
INSERT INTO client_property_interest (client_id, property_id) VALUES (1, 230);
INSERT INTO client_property_interest (client_id, property_id) VALUES (2, 252);
INSERT INTO client_property_interest (client_id, property_id) VALUES (306, 262);
INSERT INTO client_property_interest (client_id, property_id) VALUES (270, 278);
INSERT INTO client_property_interest (client_id, property_id) VALUES (53, 293);
INSERT INTO client_property_interest (client_id, property_id) VALUES (244, 294);
INSERT INTO client_property_interest (client_id, property_id) VALUES (330, 298);
INSERT INTO client_property_interest (client_id, property_id) VALUES (309, 322);
INSERT INTO client_property_interest (client_id, property_id) VALUES (300, 323);
INSERT INTO client_property_interest (client_id, property_id) VALUES (42, 332);
INSERT INTO client_property_interest (client_id, property_id) VALUES (173, 335);

INSERT INTO inspection (id, property_id, inspection_date, responsible_employee_id) VALUES (0, 5, "2023-09-10", 14);
INSERT INTO inspection (id, property_id, inspection_date, responsible_employee_id) VALUES (1, 20, "2021-06-11", 0);
INSERT INTO inspection (id, property_id, inspection_date, responsible_employee_id) VALUES (2, 37, "2022-07-01", 6);
INSERT INTO inspection (id, property_id, inspection_date, responsible_employee_id) VALUES (3, 42, "2022-10-27", 9);
INSERT INTO inspection (id, property_id, inspection_date, responsible_employee_id) VALUES (4, 71, "2020-12-28", 1);
INSERT INTO inspection (id, property_id, inspection_date, responsible_employee_id) VALUES (5, 80, "2020-01-20", 14);
INSERT INTO inspection (id, property_id, inspection_date, responsible_employee_id) VALUES (6, 133, "2018-07-19", 6);
INSERT INTO inspection (id, property_id, inspection_date, responsible_employee_id) VALUES (7, 150, "2019-09-05", 5);
INSERT INTO inspection (id, property_id, inspection_date, responsible_employee_id) VALUES (8, 155, "2020-05-14", 12);
INSERT INTO inspection (id, property_id, inspection_date, responsible_employee_id) VALUES (9, 172, "2021-10-22", 8);
INSERT INTO inspection (id, property_id, inspection_date, responsible_employee_id) VALUES (10, 185, "2021-04-27", 15);
INSERT INTO inspection (id, property_id, inspection_date, responsible_employee_id) VALUES (11, 252, "2022-12-30", 17);
INSERT INTO inspection (id, property_id, inspection_date, responsible_employee_id) VALUES (12, 298, "2023-07-29", 8);
INSERT INTO inspection (id, property_id, inspection_date, responsible_employee_id) VALUES (13, 322, "2023-08-06", 10);
INSERT INTO inspection (id, property_id, inspection_date, responsible_employee_id) VALUES (14, 332, "2023-11-21", 7);
INSERT INTO inspection (id, property_id, inspection_date, responsible_employee_id) VALUES (15, 335, "2023-11-09", 2);

INSERT INTO client_inspection (client_id, inspection_id) VALUES (192, 0);
INSERT INTO client_inspection (client_id, inspection_id) VALUES (260, 1);
INSERT INTO client_inspection (client_id, inspection_id) VALUES (254, 2);
INSERT INTO client_inspection (client_id, inspection_id) VALUES (58, 3);
INSERT INTO client_inspection (client_id, inspection_id) VALUES (82, 4);
INSERT INTO client_inspection (client_id, inspection_id) VALUES (199, 5);
INSERT INTO client_inspection (client_id, inspection_id) VALUES (83, 6);
INSERT INTO client_inspection (client_id, inspection_id) VALUES (98, 7);
INSERT INTO client_inspection (client_id, inspection_id) VALUES (267, 8);
INSERT INTO client_inspection (client_id, inspection_id) VALUES (51, 9);
INSERT INTO client_inspection (client_id, inspection_id) VALUES (164, 10);
INSERT INTO client_inspection (client_id, inspection_id) VALUES (2, 11);
INSERT INTO client_inspection (client_id, inspection_id) VALUES (330, 12);
INSERT INTO client_inspection (client_id, inspection_id) VALUES (309, 13);
INSERT INTO client_inspection (client_id, inspection_id) VALUES (42, 14);
INSERT INTO client_inspection (client_id, inspection_id) VALUES (173, 15);

INSERT INTO property_feature (property_id, feature_id) VALUES (1, 42);
INSERT INTO property_feature (property_id, feature_id) VALUES (1, 16);
INSERT INTO property_feature (property_id, feature_id) VALUES (1, 17);
INSERT INTO property_feature (property_id, feature_id) VALUES (1, 38);
INSERT INTO property_feature (property_id, feature_id) VALUES (1, 10);
INSERT INTO property_feature (property_id, feature_id) VALUES (2, 28);
INSERT INTO property_feature (property_id, feature_id) VALUES (2, 2);
INSERT INTO property_feature (property_id, feature_id) VALUES (2, 28);
INSERT INTO property_feature (property_id, feature_id) VALUES (3, 40);
INSERT INTO property_feature (property_id, feature_id) VALUES (3, 24);
INSERT INTO property_feature (property_id, feature_id) VALUES (3, 6);
INSERT INTO property_feature (property_id, feature_id) VALUES (3, 34);
INSERT INTO property_feature (property_id, feature_id) VALUES (5, 23);
INSERT INTO property_feature (property_id, feature_id) VALUES (5, 15);
INSERT INTO property_feature (property_id, feature_id) VALUES (5, 13);
INSERT INTO property_feature (property_id, feature_id) VALUES (6, 19);
INSERT INTO property_feature (property_id, feature_id) VALUES (7, 4);
INSERT INTO property_feature (property_id, feature_id) VALUES (7, 2);
INSERT INTO property_feature (property_id, feature_id) VALUES (7, 6);
INSERT INTO property_feature (property_id, feature_id) VALUES (7, 15);
INSERT INTO property_feature (property_id, feature_id) VALUES (7, 31);
INSERT INTO property_feature (property_id, feature_id) VALUES (9, 32);
INSERT INTO property_feature (property_id, feature_id) VALUES (9, 1);
INSERT INTO property_feature (property_id, feature_id) VALUES (9, 15);
INSERT INTO property_feature (property_id, feature_id) VALUES (9, 28);
INSERT INTO property_feature (property_id, feature_id) VALUES (10, 17);
INSERT INTO property_feature (property_id, feature_id) VALUES (10, 41);
INSERT INTO property_feature (property_id, feature_id) VALUES (11, 40);
INSERT INTO property_feature (property_id, feature_id) VALUES (11, 10);
INSERT INTO property_feature (property_id, feature_id) VALUES (11, 31);
INSERT INTO property_feature (property_id, feature_id) VALUES (11, 16);
INSERT INTO property_feature (property_id, feature_id) VALUES (12, 26);
INSERT INTO property_feature (property_id, feature_id) VALUES (12, 41);
INSERT INTO property_feature (property_id, feature_id) VALUES (13, 11);
INSERT INTO property_feature (property_id, feature_id) VALUES (13, 19);
INSERT INTO property_feature (property_id, feature_id) VALUES (14, 38);
INSERT INTO property_feature (property_id, feature_id) VALUES (14, 24);
INSERT INTO property_feature (property_id, feature_id) VALUES (14, 21);
INSERT INTO property_feature (property_id, feature_id) VALUES (14, 22);
INSERT INTO property_feature (property_id, feature_id) VALUES (14, 13);
INSERT INTO property_feature (property_id, feature_id) VALUES (15, 33);
INSERT INTO property_feature (property_id, feature_id) VALUES (15, 23);
INSERT INTO property_feature (property_id, feature_id) VALUES (16, 7);
INSERT INTO property_feature (property_id, feature_id) VALUES (16, 7);
INSERT INTO property_feature (property_id, feature_id) VALUES (17, 42);
INSERT INTO property_feature (property_id, feature_id) VALUES (17, 38);
INSERT INTO property_feature (property_id, feature_id) VALUES (18, 16);
INSERT INTO property_feature (property_id, feature_id) VALUES (18, 35);
INSERT INTO property_feature (property_id, feature_id) VALUES (18, 41);
INSERT INTO property_feature (property_id, feature_id) VALUES (18, 5);
INSERT INTO property_feature (property_id, feature_id) VALUES (18, 35);
INSERT INTO property_feature (property_id, feature_id) VALUES (19, 0);
INSERT INTO property_feature (property_id, feature_id) VALUES (19, 4);
INSERT INTO property_feature (property_id, feature_id) VALUES (20, 4);
INSERT INTO property_feature (property_id, feature_id) VALUES (21, 3);
INSERT INTO property_feature (property_id, feature_id) VALUES (23, 28);
INSERT INTO property_feature (property_id, feature_id) VALUES (23, 6);
INSERT INTO property_feature (property_id, feature_id) VALUES (25, 15);
INSERT INTO property_feature (property_id, feature_id) VALUES (25, 7);
INSERT INTO property_feature (property_id, feature_id) VALUES (25, 39);
INSERT INTO property_feature (property_id, feature_id) VALUES (25, 30);
INSERT INTO property_feature (property_id, feature_id) VALUES (26, 40);
INSERT INTO property_feature (property_id, feature_id) VALUES (27, 23);
INSERT INTO property_feature (property_id, feature_id) VALUES (27, 17);
INSERT INTO property_feature (property_id, feature_id) VALUES (27, 3);
INSERT INTO property_feature (property_id, feature_id) VALUES (28, 11);
INSERT INTO property_feature (property_id, feature_id) VALUES (28, 11);
INSERT INTO property_feature (property_id, feature_id) VALUES (28, 23);
INSERT INTO property_feature (property_id, feature_id) VALUES (28, 42);
INSERT INTO property_feature (property_id, feature_id) VALUES (30, 28);
INSERT INTO property_feature (property_id, feature_id) VALUES (31, 19);
INSERT INTO property_feature (property_id, feature_id) VALUES (31, 20);
INSERT INTO property_feature (property_id, feature_id) VALUES (31, 15);
INSERT INTO property_feature (property_id, feature_id) VALUES (32, 29);
INSERT INTO property_feature (property_id, feature_id) VALUES (32, 42);
INSERT INTO property_feature (property_id, feature_id) VALUES (32, 16);
INSERT INTO property_feature (property_id, feature_id) VALUES (32, 17);
INSERT INTO property_feature (property_id, feature_id) VALUES (34, 6);
INSERT INTO property_feature (property_id, feature_id) VALUES (34, 0);
INSERT INTO property_feature (property_id, feature_id) VALUES (35, 23);
INSERT INTO property_feature (property_id, feature_id) VALUES (37, 28);
INSERT INTO property_feature (property_id, feature_id) VALUES (37, 31);
INSERT INTO property_feature (property_id, feature_id) VALUES (40, 6);
INSERT INTO property_feature (property_id, feature_id) VALUES (40, 10);
INSERT INTO property_feature (property_id, feature_id) VALUES (40, 24);
INSERT INTO property_feature (property_id, feature_id) VALUES (40, 32);
INSERT INTO property_feature (property_id, feature_id) VALUES (40, 1);
INSERT INTO property_feature (property_id, feature_id) VALUES (41, 5);
INSERT INTO property_feature (property_id, feature_id) VALUES (41, 36);
INSERT INTO property_feature (property_id, feature_id) VALUES (41, 29);
INSERT INTO property_feature (property_id, feature_id) VALUES (41, 14);
INSERT INTO property_feature (property_id, feature_id) VALUES (41, 38);
INSERT INTO property_feature (property_id, feature_id) VALUES (42, 33);
INSERT INTO property_feature (property_id, feature_id) VALUES (42, 13);
INSERT INTO property_feature (property_id, feature_id) VALUES (43, 19);
INSERT INTO property_feature (property_id, feature_id) VALUES (43, 5);
INSERT INTO property_feature (property_id, feature_id) VALUES (43, 19);
INSERT INTO property_feature (property_id, feature_id) VALUES (44, 15);
INSERT INTO property_feature (property_id, feature_id) VALUES (44, 42);
INSERT INTO property_feature (property_id, feature_id) VALUES (44, 5);
INSERT INTO property_feature (property_id, feature_id) VALUES (44, 12);
INSERT INTO property_feature (property_id, feature_id) VALUES (45, 35);
INSERT INTO property_feature (property_id, feature_id) VALUES (45, 36);
INSERT INTO property_feature (property_id, feature_id) VALUES (45, 37);
INSERT INTO property_feature (property_id, feature_id) VALUES (46, 31);
INSERT INTO property_feature (property_id, feature_id) VALUES (47, 41);
INSERT INTO property_feature (property_id, feature_id) VALUES (47, 18);
INSERT INTO property_feature (property_id, feature_id) VALUES (47, 8);
INSERT INTO property_feature (property_id, feature_id) VALUES (47, 37);
INSERT INTO property_feature (property_id, feature_id) VALUES (48, 7);
INSERT INTO property_feature (property_id, feature_id) VALUES (48, 41);
INSERT INTO property_feature (property_id, feature_id) VALUES (48, 32);
INSERT INTO property_feature (property_id, feature_id) VALUES (48, 18);
INSERT INTO property_feature (property_id, feature_id) VALUES (48, 28);
INSERT INTO property_feature (property_id, feature_id) VALUES (50, 38);
INSERT INTO property_feature (property_id, feature_id) VALUES (50, 36);
INSERT INTO property_feature (property_id, feature_id) VALUES (51, 26);
INSERT INTO property_feature (property_id, feature_id) VALUES (51, 20);
INSERT INTO property_feature (property_id, feature_id) VALUES (51, 33);
INSERT INTO property_feature (property_id, feature_id) VALUES (52, 4);
INSERT INTO property_feature (property_id, feature_id) VALUES (52, 35);
INSERT INTO property_feature (property_id, feature_id) VALUES (52, 12);
INSERT INTO property_feature (property_id, feature_id) VALUES (52, 14);
INSERT INTO property_feature (property_id, feature_id) VALUES (52, 12);
INSERT INTO property_feature (property_id, feature_id) VALUES (53, 0);
INSERT INTO property_feature (property_id, feature_id) VALUES (55, 30);
INSERT INTO property_feature (property_id, feature_id) VALUES (55, 0);
INSERT INTO property_feature (property_id, feature_id) VALUES (55, 1);
INSERT INTO property_feature (property_id, feature_id) VALUES (55, 12);
INSERT INTO property_feature (property_id, feature_id) VALUES (56, 32);
INSERT INTO property_feature (property_id, feature_id) VALUES (56, 0);
INSERT INTO property_feature (property_id, feature_id) VALUES (56, 1);
INSERT INTO property_feature (property_id, feature_id) VALUES (56, 16);
INSERT INTO property_feature (property_id, feature_id) VALUES (57, 0);
INSERT INTO property_feature (property_id, feature_id) VALUES (58, 16);
INSERT INTO property_feature (property_id, feature_id) VALUES (58, 26);
INSERT INTO property_feature (property_id, feature_id) VALUES (58, 17);
INSERT INTO property_feature (property_id, feature_id) VALUES (58, 23);
INSERT INTO property_feature (property_id, feature_id) VALUES (58, 20);
INSERT INTO property_feature (property_id, feature_id) VALUES (59, 7);
INSERT INTO property_feature (property_id, feature_id) VALUES (59, 19);
INSERT INTO property_feature (property_id, feature_id) VALUES (60, 39);
INSERT INTO property_feature (property_id, feature_id) VALUES (60, 42);
INSERT INTO property_feature (property_id, feature_id) VALUES (61, 38);
INSERT INTO property_feature (property_id, feature_id) VALUES (61, 39);
INSERT INTO property_feature (property_id, feature_id) VALUES (61, 22);
INSERT INTO property_feature (property_id, feature_id) VALUES (62, 41);
INSERT INTO property_feature (property_id, feature_id) VALUES (62, 20);
INSERT INTO property_feature (property_id, feature_id) VALUES (62, 25);
INSERT INTO property_feature (property_id, feature_id) VALUES (63, 15);
INSERT INTO property_feature (property_id, feature_id) VALUES (63, 32);
INSERT INTO property_feature (property_id, feature_id) VALUES (63, 4);
INSERT INTO property_feature (property_id, feature_id) VALUES (63, 10);
INSERT INTO property_feature (property_id, feature_id) VALUES (64, 17);
INSERT INTO property_feature (property_id, feature_id) VALUES (64, 33);
INSERT INTO property_feature (property_id, feature_id) VALUES (64, 27);
INSERT INTO property_feature (property_id, feature_id) VALUES (64, 39);
INSERT INTO property_feature (property_id, feature_id) VALUES (64, 12);
INSERT INTO property_feature (property_id, feature_id) VALUES (65, 6);
INSERT INTO property_feature (property_id, feature_id) VALUES (65, 17);
INSERT INTO property_feature (property_id, feature_id) VALUES (65, 28);
INSERT INTO property_feature (property_id, feature_id) VALUES (66, 15);
INSERT INTO property_feature (property_id, feature_id) VALUES (67, 35);
INSERT INTO property_feature (property_id, feature_id) VALUES (67, 33);
INSERT INTO property_feature (property_id, feature_id) VALUES (67, 1);
INSERT INTO property_feature (property_id, feature_id) VALUES (67, 19);
INSERT INTO property_feature (property_id, feature_id) VALUES (67, 3);
INSERT INTO property_feature (property_id, feature_id) VALUES (68, 37);
INSERT INTO property_feature (property_id, feature_id) VALUES (68, 34);
INSERT INTO property_feature (property_id, feature_id) VALUES (68, 37);
INSERT INTO property_feature (property_id, feature_id) VALUES (69, 5);
INSERT INTO property_feature (property_id, feature_id) VALUES (69, 14);
INSERT INTO property_feature (property_id, feature_id) VALUES (69, 24);
INSERT INTO property_feature (property_id, feature_id) VALUES (69, 11);
INSERT INTO property_feature (property_id, feature_id) VALUES (70, 26);
INSERT INTO property_feature (property_id, feature_id) VALUES (70, 34);
INSERT INTO property_feature (property_id, feature_id) VALUES (70, 32);
INSERT INTO property_feature (property_id, feature_id) VALUES (70, 16);
INSERT INTO property_feature (property_id, feature_id) VALUES (71, 0);
INSERT INTO property_feature (property_id, feature_id) VALUES (71, 23);
INSERT INTO property_feature (property_id, feature_id) VALUES (71, 17);
INSERT INTO property_feature (property_id, feature_id) VALUES (71, 20);
INSERT INTO property_feature (property_id, feature_id) VALUES (72, 15);
INSERT INTO property_feature (property_id, feature_id) VALUES (72, 31);
INSERT INTO property_feature (property_id, feature_id) VALUES (72, 0);
INSERT INTO property_feature (property_id, feature_id) VALUES (73, 12);
INSERT INTO property_feature (property_id, feature_id) VALUES (73, 11);
INSERT INTO property_feature (property_id, feature_id) VALUES (73, 1);
INSERT INTO property_feature (property_id, feature_id) VALUES (73, 17);
INSERT INTO property_feature (property_id, feature_id) VALUES (74, 11);
INSERT INTO property_feature (property_id, feature_id) VALUES (74, 39);
INSERT INTO property_feature (property_id, feature_id) VALUES (74, 23);
INSERT INTO property_feature (property_id, feature_id) VALUES (75, 42);
INSERT INTO property_feature (property_id, feature_id) VALUES (75, 3);
INSERT INTO property_feature (property_id, feature_id) VALUES (75, 21);
INSERT INTO property_feature (property_id, feature_id) VALUES (75, 22);
INSERT INTO property_feature (property_id, feature_id) VALUES (75, 1);
INSERT INTO property_feature (property_id, feature_id) VALUES (76, 6);
INSERT INTO property_feature (property_id, feature_id) VALUES (76, 3);
INSERT INTO property_feature (property_id, feature_id) VALUES (76, 8);
INSERT INTO property_feature (property_id, feature_id) VALUES (76, 14);
INSERT INTO property_feature (property_id, feature_id) VALUES (76, 39);
INSERT INTO property_feature (property_id, feature_id) VALUES (77, 17);
INSERT INTO property_feature (property_id, feature_id) VALUES (77, 7);
INSERT INTO property_feature (property_id, feature_id) VALUES (77, 26);
INSERT INTO property_feature (property_id, feature_id) VALUES (77, 5);
INSERT INTO property_feature (property_id, feature_id) VALUES (79, 17);
INSERT INTO property_feature (property_id, feature_id) VALUES (79, 20);
INSERT INTO property_feature (property_id, feature_id) VALUES (79, 37);
INSERT INTO property_feature (property_id, feature_id) VALUES (80, 19);
INSERT INTO property_feature (property_id, feature_id) VALUES (81, 18);
INSERT INTO property_feature (property_id, feature_id) VALUES (81, 27);
INSERT INTO property_feature (property_id, feature_id) VALUES (81, 25);
INSERT INTO property_feature (property_id, feature_id) VALUES (82, 12);
INSERT INTO property_feature (property_id, feature_id) VALUES (83, 29);
INSERT INTO property_feature (property_id, feature_id) VALUES (83, 15);
INSERT INTO property_feature (property_id, feature_id) VALUES (83, 11);
INSERT INTO property_feature (property_id, feature_id) VALUES (83, 18);
INSERT INTO property_feature (property_id, feature_id) VALUES (84, 36);
INSERT INTO property_feature (property_id, feature_id) VALUES (84, 13);
INSERT INTO property_feature (property_id, feature_id) VALUES (84, 34);
INSERT INTO property_feature (property_id, feature_id) VALUES (86, 32);
INSERT INTO property_feature (property_id, feature_id) VALUES (87, 13);
INSERT INTO property_feature (property_id, feature_id) VALUES (88, 16);
INSERT INTO property_feature (property_id, feature_id) VALUES (88, 27);
INSERT INTO property_feature (property_id, feature_id) VALUES (88, 35);
INSERT INTO property_feature (property_id, feature_id) VALUES (88, 20);
INSERT INTO property_feature (property_id, feature_id) VALUES (88, 18);
INSERT INTO property_feature (property_id, feature_id) VALUES (89, 30);
INSERT INTO property_feature (property_id, feature_id) VALUES (89, 35);
INSERT INTO property_feature (property_id, feature_id) VALUES (89, 10);
INSERT INTO property_feature (property_id, feature_id) VALUES (90, 8);
INSERT INTO property_feature (property_id, feature_id) VALUES (90, 13);
INSERT INTO property_feature (property_id, feature_id) VALUES (91, 40);
INSERT INTO property_feature (property_id, feature_id) VALUES (91, 31);
INSERT INTO property_feature (property_id, feature_id) VALUES (91, 24);
INSERT INTO property_feature (property_id, feature_id) VALUES (91, 2);
INSERT INTO property_feature (property_id, feature_id) VALUES (91, 20);
INSERT INTO property_feature (property_id, feature_id) VALUES (92, 42);
INSERT INTO property_feature (property_id, feature_id) VALUES (92, 36);
INSERT INTO property_feature (property_id, feature_id) VALUES (93, 6);
INSERT INTO property_feature (property_id, feature_id) VALUES (93, 34);
INSERT INTO property_feature (property_id, feature_id) VALUES (94, 3);
INSERT INTO property_feature (property_id, feature_id) VALUES (95, 34);
INSERT INTO property_feature (property_id, feature_id) VALUES (95, 42);
INSERT INTO property_feature (property_id, feature_id) VALUES (95, 39);
INSERT INTO property_feature (property_id, feature_id) VALUES (95, 20);
INSERT INTO property_feature (property_id, feature_id) VALUES (97, 29);
INSERT INTO property_feature (property_id, feature_id) VALUES (99, 40);
INSERT INTO property_feature (property_id, feature_id) VALUES (99, 26);
INSERT INTO property_feature (property_id, feature_id) VALUES (99, 28);
INSERT INTO property_feature (property_id, feature_id) VALUES (99, 20);
INSERT INTO property_feature (property_id, feature_id) VALUES (100, 35);
INSERT INTO property_feature (property_id, feature_id) VALUES (100, 3);
INSERT INTO property_feature (property_id, feature_id) VALUES (101, 40);
INSERT INTO property_feature (property_id, feature_id) VALUES (101, 24);
INSERT INTO property_feature (property_id, feature_id) VALUES (102, 13);
INSERT INTO property_feature (property_id, feature_id) VALUES (103, 36);
INSERT INTO property_feature (property_id, feature_id) VALUES (103, 40);
INSERT INTO property_feature (property_id, feature_id) VALUES (103, 32);
INSERT INTO property_feature (property_id, feature_id) VALUES (103, 7);
INSERT INTO property_feature (property_id, feature_id) VALUES (104, 22);
INSERT INTO property_feature (property_id, feature_id) VALUES (104, 19);
INSERT INTO property_feature (property_id, feature_id) VALUES (104, 7);
INSERT INTO property_feature (property_id, feature_id) VALUES (104, 14);
INSERT INTO property_feature (property_id, feature_id) VALUES (104, 20);
INSERT INTO property_feature (property_id, feature_id) VALUES (106, 29);
INSERT INTO property_feature (property_id, feature_id) VALUES (106, 39);
INSERT INTO property_feature (property_id, feature_id) VALUES (106, 6);
INSERT INTO property_feature (property_id, feature_id) VALUES (107, 33);
INSERT INTO property_feature (property_id, feature_id) VALUES (107, 38);
INSERT INTO property_feature (property_id, feature_id) VALUES (108, 37);
INSERT INTO property_feature (property_id, feature_id) VALUES (108, 10);
INSERT INTO property_feature (property_id, feature_id) VALUES (108, 14);
INSERT INTO property_feature (property_id, feature_id) VALUES (108, 5);
INSERT INTO property_feature (property_id, feature_id) VALUES (108, 22);
INSERT INTO property_feature (property_id, feature_id) VALUES (110, 42);
INSERT INTO property_feature (property_id, feature_id) VALUES (110, 36);
INSERT INTO property_feature (property_id, feature_id) VALUES (110, 8);
INSERT INTO property_feature (property_id, feature_id) VALUES (110, 8);
INSERT INTO property_feature (property_id, feature_id) VALUES (111, 28);
INSERT INTO property_feature (property_id, feature_id) VALUES (111, 31);
INSERT INTO property_feature (property_id, feature_id) VALUES (111, 37);
INSERT INTO property_feature (property_id, feature_id) VALUES (111, 42);
INSERT INTO property_feature (property_id, feature_id) VALUES (112, 14);
INSERT INTO property_feature (property_id, feature_id) VALUES (112, 12);
INSERT INTO property_feature (property_id, feature_id) VALUES (112, 39);
INSERT INTO property_feature (property_id, feature_id) VALUES (112, 16);
INSERT INTO property_feature (property_id, feature_id) VALUES (113, 14);
INSERT INTO property_feature (property_id, feature_id) VALUES (113, 25);
INSERT INTO property_feature (property_id, feature_id) VALUES (114, 33);
INSERT INTO property_feature (property_id, feature_id) VALUES (114, 30);
INSERT INTO property_feature (property_id, feature_id) VALUES (114, 39);
INSERT INTO property_feature (property_id, feature_id) VALUES (114, 17);
INSERT INTO property_feature (property_id, feature_id) VALUES (115, 15);
INSERT INTO property_feature (property_id, feature_id) VALUES (116, 19);
INSERT INTO property_feature (property_id, feature_id) VALUES (116, 24);
INSERT INTO property_feature (property_id, feature_id) VALUES (116, 0);
INSERT INTO property_feature (property_id, feature_id) VALUES (116, 12);
INSERT INTO property_feature (property_id, feature_id) VALUES (117, 3);
INSERT INTO property_feature (property_id, feature_id) VALUES (117, 26);
INSERT INTO property_feature (property_id, feature_id) VALUES (117, 16);
INSERT INTO property_feature (property_id, feature_id) VALUES (117, 20);
INSERT INTO property_feature (property_id, feature_id) VALUES (117, 30);
INSERT INTO property_feature (property_id, feature_id) VALUES (118, 2);
INSERT INTO property_feature (property_id, feature_id) VALUES (118, 10);
INSERT INTO property_feature (property_id, feature_id) VALUES (118, 12);
INSERT INTO property_feature (property_id, feature_id) VALUES (118, 10);
INSERT INTO property_feature (property_id, feature_id) VALUES (118, 19);
INSERT INTO property_feature (property_id, feature_id) VALUES (119, 7);
INSERT INTO property_feature (property_id, feature_id) VALUES (119, 39);
INSERT INTO property_feature (property_id, feature_id) VALUES (119, 42);
INSERT INTO property_feature (property_id, feature_id) VALUES (119, 2);
INSERT INTO property_feature (property_id, feature_id) VALUES (119, 12);
INSERT INTO property_feature (property_id, feature_id) VALUES (120, 10);
INSERT INTO property_feature (property_id, feature_id) VALUES (120, 34);
INSERT INTO property_feature (property_id, feature_id) VALUES (120, 14);
INSERT INTO property_feature (property_id, feature_id) VALUES (120, 22);
INSERT INTO property_feature (property_id, feature_id) VALUES (121, 41);
INSERT INTO property_feature (property_id, feature_id) VALUES (122, 18);
INSERT INTO property_feature (property_id, feature_id) VALUES (123, 32);
INSERT INTO property_feature (property_id, feature_id) VALUES (124, 25);
INSERT INTO property_feature (property_id, feature_id) VALUES (125, 34);
INSERT INTO property_feature (property_id, feature_id) VALUES (126, 1);
INSERT INTO property_feature (property_id, feature_id) VALUES (126, 6);
INSERT INTO property_feature (property_id, feature_id) VALUES (126, 12);
INSERT INTO property_feature (property_id, feature_id) VALUES (127, 23);
INSERT INTO property_feature (property_id, feature_id) VALUES (127, 21);
INSERT INTO property_feature (property_id, feature_id) VALUES (127, 33);
INSERT INTO property_feature (property_id, feature_id) VALUES (127, 18);
INSERT INTO property_feature (property_id, feature_id) VALUES (127, 6);
INSERT INTO property_feature (property_id, feature_id) VALUES (128, 26);
INSERT INTO property_feature (property_id, feature_id) VALUES (128, 27);
INSERT INTO property_feature (property_id, feature_id) VALUES (128, 41);
INSERT INTO property_feature (property_id, feature_id) VALUES (129, 29);
INSERT INTO property_feature (property_id, feature_id) VALUES (129, 19);
INSERT INTO property_feature (property_id, feature_id) VALUES (130, 28);
INSERT INTO property_feature (property_id, feature_id) VALUES (130, 35);
INSERT INTO property_feature (property_id, feature_id) VALUES (130, 42);
INSERT INTO property_feature (property_id, feature_id) VALUES (130, 24);
INSERT INTO property_feature (property_id, feature_id) VALUES (131, 34);
INSERT INTO property_feature (property_id, feature_id) VALUES (131, 18);
INSERT INTO property_feature (property_id, feature_id) VALUES (131, 37);
INSERT INTO property_feature (property_id, feature_id) VALUES (132, 41);
INSERT INTO property_feature (property_id, feature_id) VALUES (132, 20);
INSERT INTO property_feature (property_id, feature_id) VALUES (132, 23);
INSERT INTO property_feature (property_id, feature_id) VALUES (134, 0);
INSERT INTO property_feature (property_id, feature_id) VALUES (134, 18);
INSERT INTO property_feature (property_id, feature_id) VALUES (135, 29);
INSERT INTO property_feature (property_id, feature_id) VALUES (135, 26);
INSERT INTO property_feature (property_id, feature_id) VALUES (135, 13);
INSERT INTO property_feature (property_id, feature_id) VALUES (135, 27);
INSERT INTO property_feature (property_id, feature_id) VALUES (136, 23);
INSERT INTO property_feature (property_id, feature_id) VALUES (136, 10);
INSERT INTO property_feature (property_id, feature_id) VALUES (136, 42);
INSERT INTO property_feature (property_id, feature_id) VALUES (136, 18);
INSERT INTO property_feature (property_id, feature_id) VALUES (137, 39);
INSERT INTO property_feature (property_id, feature_id) VALUES (137, 2);
INSERT INTO property_feature (property_id, feature_id) VALUES (137, 18);
INSERT INTO property_feature (property_id, feature_id) VALUES (137, 23);
INSERT INTO property_feature (property_id, feature_id) VALUES (138, 35);
INSERT INTO property_feature (property_id, feature_id) VALUES (138, 19);
INSERT INTO property_feature (property_id, feature_id) VALUES (138, 30);
INSERT INTO property_feature (property_id, feature_id) VALUES (138, 20);
INSERT INTO property_feature (property_id, feature_id) VALUES (138, 39);
INSERT INTO property_feature (property_id, feature_id) VALUES (139, 41);
INSERT INTO property_feature (property_id, feature_id) VALUES (139, 33);
INSERT INTO property_feature (property_id, feature_id) VALUES (139, 31);
INSERT INTO property_feature (property_id, feature_id) VALUES (139, 5);
INSERT INTO property_feature (property_id, feature_id) VALUES (139, 11);
INSERT INTO property_feature (property_id, feature_id) VALUES (140, 38);
INSERT INTO property_feature (property_id, feature_id) VALUES (141, 3);
INSERT INTO property_feature (property_id, feature_id) VALUES (141, 10);
INSERT INTO property_feature (property_id, feature_id) VALUES (143, 16);
INSERT INTO property_feature (property_id, feature_id) VALUES (143, 36);
INSERT INTO property_feature (property_id, feature_id) VALUES (143, 33);
INSERT INTO property_feature (property_id, feature_id) VALUES (144, 12);
INSERT INTO property_feature (property_id, feature_id) VALUES (144, 11);
INSERT INTO property_feature (property_id, feature_id) VALUES (144, 11);
INSERT INTO property_feature (property_id, feature_id) VALUES (146, 19);
INSERT INTO property_feature (property_id, feature_id) VALUES (146, 36);
INSERT INTO property_feature (property_id, feature_id) VALUES (146, 25);
INSERT INTO property_feature (property_id, feature_id) VALUES (147, 27);
INSERT INTO property_feature (property_id, feature_id) VALUES (147, 20);
INSERT INTO property_feature (property_id, feature_id) VALUES (147, 8);
INSERT INTO property_feature (property_id, feature_id) VALUES (147, 32);
INSERT INTO property_feature (property_id, feature_id) VALUES (147, 12);
INSERT INTO property_feature (property_id, feature_id) VALUES (148, 38);
INSERT INTO property_feature (property_id, feature_id) VALUES (148, 4);
INSERT INTO property_feature (property_id, feature_id) VALUES (148, 4);
INSERT INTO property_feature (property_id, feature_id) VALUES (148, 8);
INSERT INTO property_feature (property_id, feature_id) VALUES (148, 18);
INSERT INTO property_feature (property_id, feature_id) VALUES (152, 23);
INSERT INTO property_feature (property_id, feature_id) VALUES (152, 4);
INSERT INTO property_feature (property_id, feature_id) VALUES (154, 24);
INSERT INTO property_feature (property_id, feature_id) VALUES (154, 37);
INSERT INTO property_feature (property_id, feature_id) VALUES (154, 30);
INSERT INTO property_feature (property_id, feature_id) VALUES (154, 11);
INSERT INTO property_feature (property_id, feature_id) VALUES (154, 19);
INSERT INTO property_feature (property_id, feature_id) VALUES (155, 28);
INSERT INTO property_feature (property_id, feature_id) VALUES (156, 38);
INSERT INTO property_feature (property_id, feature_id) VALUES (156, 4);
INSERT INTO property_feature (property_id, feature_id) VALUES (156, 39);
INSERT INTO property_feature (property_id, feature_id) VALUES (157, 1);
INSERT INTO property_feature (property_id, feature_id) VALUES (157, 20);
INSERT INTO property_feature (property_id, feature_id) VALUES (157, 14);
INSERT INTO property_feature (property_id, feature_id) VALUES (158, 29);
INSERT INTO property_feature (property_id, feature_id) VALUES (159, 11);
INSERT INTO property_feature (property_id, feature_id) VALUES (160, 4);
INSERT INTO property_feature (property_id, feature_id) VALUES (160, 16);
INSERT INTO property_feature (property_id, feature_id) VALUES (160, 8);
INSERT INTO property_feature (property_id, feature_id) VALUES (160, 34);
INSERT INTO property_feature (property_id, feature_id) VALUES (160, 26);
INSERT INTO property_feature (property_id, feature_id) VALUES (161, 18);
INSERT INTO property_feature (property_id, feature_id) VALUES (161, 4);
INSERT INTO property_feature (property_id, feature_id) VALUES (161, 18);
INSERT INTO property_feature (property_id, feature_id) VALUES (161, 1);
INSERT INTO property_feature (property_id, feature_id) VALUES (161, 0);
INSERT INTO property_feature (property_id, feature_id) VALUES (162, 13);
INSERT INTO property_feature (property_id, feature_id) VALUES (162, 41);
INSERT INTO property_feature (property_id, feature_id) VALUES (162, 29);
INSERT INTO property_feature (property_id, feature_id) VALUES (162, 2);
INSERT INTO property_feature (property_id, feature_id) VALUES (163, 30);
INSERT INTO property_feature (property_id, feature_id) VALUES (163, 38);
INSERT INTO property_feature (property_id, feature_id) VALUES (163, 7);
INSERT INTO property_feature (property_id, feature_id) VALUES (163, 24);
INSERT INTO property_feature (property_id, feature_id) VALUES (163, 21);
INSERT INTO property_feature (property_id, feature_id) VALUES (164, 34);
INSERT INTO property_feature (property_id, feature_id) VALUES (164, 42);
INSERT INTO property_feature (property_id, feature_id) VALUES (164, 37);
INSERT INTO property_feature (property_id, feature_id) VALUES (164, 16);
INSERT INTO property_feature (property_id, feature_id) VALUES (165, 13);
INSERT INTO property_feature (property_id, feature_id) VALUES (165, 24);
INSERT INTO property_feature (property_id, feature_id) VALUES (165, 32);
INSERT INTO property_feature (property_id, feature_id) VALUES (165, 33);
INSERT INTO property_feature (property_id, feature_id) VALUES (165, 35);
INSERT INTO property_feature (property_id, feature_id) VALUES (166, 34);
INSERT INTO property_feature (property_id, feature_id) VALUES (166, 15);
INSERT INTO property_feature (property_id, feature_id) VALUES (166, 25);
INSERT INTO property_feature (property_id, feature_id) VALUES (166, 36);
INSERT INTO property_feature (property_id, feature_id) VALUES (166, 39);
INSERT INTO property_feature (property_id, feature_id) VALUES (167, 30);
INSERT INTO property_feature (property_id, feature_id) VALUES (167, 29);
INSERT INTO property_feature (property_id, feature_id) VALUES (168, 21);
INSERT INTO property_feature (property_id, feature_id) VALUES (169, 18);
INSERT INTO property_feature (property_id, feature_id) VALUES (169, 4);
INSERT INTO property_feature (property_id, feature_id) VALUES (169, 0);
INSERT INTO property_feature (property_id, feature_id) VALUES (169, 0);
INSERT INTO property_feature (property_id, feature_id) VALUES (169, 41);
INSERT INTO property_feature (property_id, feature_id) VALUES (170, 33);
INSERT INTO property_feature (property_id, feature_id) VALUES (171, 16);
INSERT INTO property_feature (property_id, feature_id) VALUES (172, 20);
INSERT INTO property_feature (property_id, feature_id) VALUES (172, 24);
INSERT INTO property_feature (property_id, feature_id) VALUES (172, 23);
INSERT INTO property_feature (property_id, feature_id) VALUES (172, 38);
INSERT INTO property_feature (property_id, feature_id) VALUES (172, 42);
INSERT INTO property_feature (property_id, feature_id) VALUES (173, 8);
INSERT INTO property_feature (property_id, feature_id) VALUES (173, 42);
INSERT INTO property_feature (property_id, feature_id) VALUES (173, 10);
INSERT INTO property_feature (property_id, feature_id) VALUES (173, 6);
INSERT INTO property_feature (property_id, feature_id) VALUES (173, 27);
INSERT INTO property_feature (property_id, feature_id) VALUES (175, 11);
INSERT INTO property_feature (property_id, feature_id) VALUES (175, 14);
INSERT INTO property_feature (property_id, feature_id) VALUES (175, 24);
INSERT INTO property_feature (property_id, feature_id) VALUES (176, 20);
INSERT INTO property_feature (property_id, feature_id) VALUES (178, 14);
INSERT INTO property_feature (property_id, feature_id) VALUES (178, 35);
INSERT INTO property_feature (property_id, feature_id) VALUES (178, 19);
INSERT INTO property_feature (property_id, feature_id) VALUES (180, 35);
INSERT INTO property_feature (property_id, feature_id) VALUES (180, 36);
INSERT INTO property_feature (property_id, feature_id) VALUES (180, 1);
INSERT INTO property_feature (property_id, feature_id) VALUES (180, 2);
INSERT INTO property_feature (property_id, feature_id) VALUES (180, 7);
INSERT INTO property_feature (property_id, feature_id) VALUES (181, 22);
INSERT INTO property_feature (property_id, feature_id) VALUES (181, 34);
INSERT INTO property_feature (property_id, feature_id) VALUES (181, 11);
INSERT INTO property_feature (property_id, feature_id) VALUES (181, 38);
INSERT INTO property_feature (property_id, feature_id) VALUES (181, 12);
INSERT INTO property_feature (property_id, feature_id) VALUES (182, 32);
INSERT INTO property_feature (property_id, feature_id) VALUES (182, 37);
INSERT INTO property_feature (property_id, feature_id) VALUES (182, 6);
INSERT INTO property_feature (property_id, feature_id) VALUES (182, 25);
INSERT INTO property_feature (property_id, feature_id) VALUES (183, 27);
INSERT INTO property_feature (property_id, feature_id) VALUES (183, 40);
INSERT INTO property_feature (property_id, feature_id) VALUES (183, 20);
INSERT INTO property_feature (property_id, feature_id) VALUES (183, 35);
INSERT INTO property_feature (property_id, feature_id) VALUES (184, 16);
INSERT INTO property_feature (property_id, feature_id) VALUES (184, 34);
INSERT INTO property_feature (property_id, feature_id) VALUES (184, 5);
INSERT INTO property_feature (property_id, feature_id) VALUES (185, 17);
INSERT INTO property_feature (property_id, feature_id) VALUES (185, 1);
INSERT INTO property_feature (property_id, feature_id) VALUES (186, 16);
INSERT INTO property_feature (property_id, feature_id) VALUES (187, 40);
INSERT INTO property_feature (property_id, feature_id) VALUES (187, 34);
INSERT INTO property_feature (property_id, feature_id) VALUES (187, 41);
INSERT INTO property_feature (property_id, feature_id) VALUES (187, 0);
INSERT INTO property_feature (property_id, feature_id) VALUES (188, 20);
INSERT INTO property_feature (property_id, feature_id) VALUES (188, 8);
INSERT INTO property_feature (property_id, feature_id) VALUES (189, 27);
INSERT INTO property_feature (property_id, feature_id) VALUES (189, 14);
INSERT INTO property_feature (property_id, feature_id) VALUES (189, 6);
INSERT INTO property_feature (property_id, feature_id) VALUES (189, 22);
INSERT INTO property_feature (property_id, feature_id) VALUES (189, 16);
INSERT INTO property_feature (property_id, feature_id) VALUES (190, 23);
INSERT INTO property_feature (property_id, feature_id) VALUES (190, 1);
INSERT INTO property_feature (property_id, feature_id) VALUES (190, 20);
INSERT INTO property_feature (property_id, feature_id) VALUES (190, 4);
INSERT INTO property_feature (property_id, feature_id) VALUES (190, 23);
INSERT INTO property_feature (property_id, feature_id) VALUES (191, 17);
INSERT INTO property_feature (property_id, feature_id) VALUES (193, 13);
INSERT INTO property_feature (property_id, feature_id) VALUES (193, 26);
INSERT INTO property_feature (property_id, feature_id) VALUES (193, 24);
INSERT INTO property_feature (property_id, feature_id) VALUES (194, 5);
INSERT INTO property_feature (property_id, feature_id) VALUES (194, 10);
INSERT INTO property_feature (property_id, feature_id) VALUES (194, 35);
INSERT INTO property_feature (property_id, feature_id) VALUES (194, 5);
INSERT INTO property_feature (property_id, feature_id) VALUES (194, 12);
INSERT INTO property_feature (property_id, feature_id) VALUES (195, 14);
INSERT INTO property_feature (property_id, feature_id) VALUES (195, 39);
INSERT INTO property_feature (property_id, feature_id) VALUES (195, 31);
INSERT INTO property_feature (property_id, feature_id) VALUES (196, 19);
INSERT INTO property_feature (property_id, feature_id) VALUES (196, 20);
INSERT INTO property_feature (property_id, feature_id) VALUES (196, 34);
INSERT INTO property_feature (property_id, feature_id) VALUES (196, 8);
INSERT INTO property_feature (property_id, feature_id) VALUES (196, 7);
INSERT INTO property_feature (property_id, feature_id) VALUES (197, 10);
INSERT INTO property_feature (property_id, feature_id) VALUES (197, 5);
INSERT INTO property_feature (property_id, feature_id) VALUES (197, 7);
INSERT INTO property_feature (property_id, feature_id) VALUES (197, 29);
INSERT INTO property_feature (property_id, feature_id) VALUES (197, 42);
INSERT INTO property_feature (property_id, feature_id) VALUES (199, 33);
INSERT INTO property_feature (property_id, feature_id) VALUES (199, 24);
INSERT INTO property_feature (property_id, feature_id) VALUES (200, 22);
INSERT INTO property_feature (property_id, feature_id) VALUES (200, 20);
INSERT INTO property_feature (property_id, feature_id) VALUES (200, 41);
INSERT INTO property_feature (property_id, feature_id) VALUES (200, 5);
INSERT INTO property_feature (property_id, feature_id) VALUES (201, 31);
INSERT INTO property_feature (property_id, feature_id) VALUES (201, 0);
INSERT INTO property_feature (property_id, feature_id) VALUES (201, 37);
INSERT INTO property_feature (property_id, feature_id) VALUES (201, 20);
INSERT INTO property_feature (property_id, feature_id) VALUES (202, 6);
INSERT INTO property_feature (property_id, feature_id) VALUES (202, 19);
INSERT INTO property_feature (property_id, feature_id) VALUES (202, 41);
INSERT INTO property_feature (property_id, feature_id) VALUES (204, 27);
INSERT INTO property_feature (property_id, feature_id) VALUES (204, 7);
INSERT INTO property_feature (property_id, feature_id) VALUES (204, 41);
INSERT INTO property_feature (property_id, feature_id) VALUES (205, 25);
INSERT INTO property_feature (property_id, feature_id) VALUES (205, 8);
INSERT INTO property_feature (property_id, feature_id) VALUES (205, 22);
INSERT INTO property_feature (property_id, feature_id) VALUES (207, 28);
INSERT INTO property_feature (property_id, feature_id) VALUES (207, 20);
INSERT INTO property_feature (property_id, feature_id) VALUES (208, 31);
INSERT INTO property_feature (property_id, feature_id) VALUES (209, 24);
INSERT INTO property_feature (property_id, feature_id) VALUES (209, 6);
INSERT INTO property_feature (property_id, feature_id) VALUES (209, 30);
INSERT INTO property_feature (property_id, feature_id) VALUES (210, 5);
INSERT INTO property_feature (property_id, feature_id) VALUES (211, 37);
INSERT INTO property_feature (property_id, feature_id) VALUES (212, 19);
INSERT INTO property_feature (property_id, feature_id) VALUES (213, 26);
INSERT INTO property_feature (property_id, feature_id) VALUES (213, 2);
INSERT INTO property_feature (property_id, feature_id) VALUES (213, 30);
INSERT INTO property_feature (property_id, feature_id) VALUES (215, 7);
INSERT INTO property_feature (property_id, feature_id) VALUES (215, 23);
INSERT INTO property_feature (property_id, feature_id) VALUES (215, 19);
INSERT INTO property_feature (property_id, feature_id) VALUES (216, 10);
INSERT INTO property_feature (property_id, feature_id) VALUES (216, 12);
INSERT INTO property_feature (property_id, feature_id) VALUES (216, 29);
INSERT INTO property_feature (property_id, feature_id) VALUES (216, 31);
INSERT INTO property_feature (property_id, feature_id) VALUES (216, 30);
INSERT INTO property_feature (property_id, feature_id) VALUES (217, 34);
INSERT INTO property_feature (property_id, feature_id) VALUES (217, 10);
INSERT INTO property_feature (property_id, feature_id) VALUES (217, 20);
INSERT INTO property_feature (property_id, feature_id) VALUES (218, 12);
INSERT INTO property_feature (property_id, feature_id) VALUES (218, 16);
INSERT INTO property_feature (property_id, feature_id) VALUES (219, 36);
INSERT INTO property_feature (property_id, feature_id) VALUES (221, 26);
INSERT INTO property_feature (property_id, feature_id) VALUES (221, 21);
INSERT INTO property_feature (property_id, feature_id) VALUES (221, 4);
INSERT INTO property_feature (property_id, feature_id) VALUES (221, 20);
INSERT INTO property_feature (property_id, feature_id) VALUES (222, 5);
INSERT INTO property_feature (property_id, feature_id) VALUES (222, 1);
INSERT INTO property_feature (property_id, feature_id) VALUES (223, 3);
INSERT INTO property_feature (property_id, feature_id) VALUES (223, 38);
INSERT INTO property_feature (property_id, feature_id) VALUES (224, 3);
INSERT INTO property_feature (property_id, feature_id) VALUES (224, 31);
INSERT INTO property_feature (property_id, feature_id) VALUES (224, 36);
INSERT INTO property_feature (property_id, feature_id) VALUES (224, 41);
INSERT INTO property_feature (property_id, feature_id) VALUES (224, 31);
INSERT INTO property_feature (property_id, feature_id) VALUES (225, 26);
INSERT INTO property_feature (property_id, feature_id) VALUES (225, 0);
INSERT INTO property_feature (property_id, feature_id) VALUES (225, 3);
INSERT INTO property_feature (property_id, feature_id) VALUES (225, 29);
INSERT INTO property_feature (property_id, feature_id) VALUES (225, 8);
INSERT INTO property_feature (property_id, feature_id) VALUES (226, 42);
INSERT INTO property_feature (property_id, feature_id) VALUES (227, 33);
INSERT INTO property_feature (property_id, feature_id) VALUES (227, 23);
INSERT INTO property_feature (property_id, feature_id) VALUES (228, 2);
INSERT INTO property_feature (property_id, feature_id) VALUES (228, 4);
INSERT INTO property_feature (property_id, feature_id) VALUES (228, 26);
INSERT INTO property_feature (property_id, feature_id) VALUES (228, 29);
INSERT INTO property_feature (property_id, feature_id) VALUES (229, 12);
INSERT INTO property_feature (property_id, feature_id) VALUES (229, 14);
INSERT INTO property_feature (property_id, feature_id) VALUES (229, 26);
INSERT INTO property_feature (property_id, feature_id) VALUES (230, 3);
INSERT INTO property_feature (property_id, feature_id) VALUES (230, 21);
INSERT INTO property_feature (property_id, feature_id) VALUES (230, 37);
INSERT INTO property_feature (property_id, feature_id) VALUES (230, 35);
INSERT INTO property_feature (property_id, feature_id) VALUES (231, 39);
INSERT INTO property_feature (property_id, feature_id) VALUES (231, 24);
INSERT INTO property_feature (property_id, feature_id) VALUES (231, 33);
INSERT INTO property_feature (property_id, feature_id) VALUES (231, 5);
INSERT INTO property_feature (property_id, feature_id) VALUES (231, 17);
INSERT INTO property_feature (property_id, feature_id) VALUES (232, 20);
INSERT INTO property_feature (property_id, feature_id) VALUES (232, 20);
INSERT INTO property_feature (property_id, feature_id) VALUES (232, 24);
INSERT INTO property_feature (property_id, feature_id) VALUES (232, 21);
INSERT INTO property_feature (property_id, feature_id) VALUES (233, 33);
INSERT INTO property_feature (property_id, feature_id) VALUES (235, 28);
INSERT INTO property_feature (property_id, feature_id) VALUES (235, 20);
INSERT INTO property_feature (property_id, feature_id) VALUES (236, 16);
INSERT INTO property_feature (property_id, feature_id) VALUES (236, 30);
INSERT INTO property_feature (property_id, feature_id) VALUES (237, 38);
INSERT INTO property_feature (property_id, feature_id) VALUES (237, 10);
INSERT INTO property_feature (property_id, feature_id) VALUES (238, 34);
INSERT INTO property_feature (property_id, feature_id) VALUES (238, 22);
INSERT INTO property_feature (property_id, feature_id) VALUES (238, 16);
INSERT INTO property_feature (property_id, feature_id) VALUES (238, 18);
INSERT INTO property_feature (property_id, feature_id) VALUES (243, 39);
INSERT INTO property_feature (property_id, feature_id) VALUES (243, 11);
INSERT INTO property_feature (property_id, feature_id) VALUES (243, 25);
INSERT INTO property_feature (property_id, feature_id) VALUES (243, 14);
INSERT INTO property_feature (property_id, feature_id) VALUES (243, 36);
INSERT INTO property_feature (property_id, feature_id) VALUES (245, 7);
INSERT INTO property_feature (property_id, feature_id) VALUES (245, 29);
INSERT INTO property_feature (property_id, feature_id) VALUES (245, 19);
INSERT INTO property_feature (property_id, feature_id) VALUES (245, 35);
INSERT INTO property_feature (property_id, feature_id) VALUES (246, 30);
INSERT INTO property_feature (property_id, feature_id) VALUES (246, 23);
INSERT INTO property_feature (property_id, feature_id) VALUES (246, 19);
INSERT INTO property_feature (property_id, feature_id) VALUES (247, 15);
INSERT INTO property_feature (property_id, feature_id) VALUES (247, 3);
INSERT INTO property_feature (property_id, feature_id) VALUES (247, 20);
INSERT INTO property_feature (property_id, feature_id) VALUES (247, 10);
INSERT INTO property_feature (property_id, feature_id) VALUES (248, 31);
INSERT INTO property_feature (property_id, feature_id) VALUES (248, 14);
INSERT INTO property_feature (property_id, feature_id) VALUES (248, 1);
INSERT INTO property_feature (property_id, feature_id) VALUES (248, 25);
INSERT INTO property_feature (property_id, feature_id) VALUES (249, 40);
INSERT INTO property_feature (property_id, feature_id) VALUES (250, 22);
INSERT INTO property_feature (property_id, feature_id) VALUES (250, 4);
INSERT INTO property_feature (property_id, feature_id) VALUES (250, 12);
INSERT INTO property_feature (property_id, feature_id) VALUES (250, 27);
INSERT INTO property_feature (property_id, feature_id) VALUES (250, 25);
INSERT INTO property_feature (property_id, feature_id) VALUES (251, 20);
INSERT INTO property_feature (property_id, feature_id) VALUES (251, 8);
INSERT INTO property_feature (property_id, feature_id) VALUES (252, 2);
INSERT INTO property_feature (property_id, feature_id) VALUES (252, 42);
INSERT INTO property_feature (property_id, feature_id) VALUES (252, 20);
INSERT INTO property_feature (property_id, feature_id) VALUES (253, 30);
INSERT INTO property_feature (property_id, feature_id) VALUES (253, 20);
INSERT INTO property_feature (property_id, feature_id) VALUES (253, 32);
INSERT INTO property_feature (property_id, feature_id) VALUES (253, 2);
INSERT INTO property_feature (property_id, feature_id) VALUES (254, 34);
INSERT INTO property_feature (property_id, feature_id) VALUES (254, 0);
INSERT INTO property_feature (property_id, feature_id) VALUES (255, 36);
INSERT INTO property_feature (property_id, feature_id) VALUES (256, 41);
INSERT INTO property_feature (property_id, feature_id) VALUES (257, 29);
INSERT INTO property_feature (property_id, feature_id) VALUES (257, 41);
INSERT INTO property_feature (property_id, feature_id) VALUES (257, 22);
INSERT INTO property_feature (property_id, feature_id) VALUES (257, 40);
INSERT INTO property_feature (property_id, feature_id) VALUES (258, 10);
INSERT INTO property_feature (property_id, feature_id) VALUES (258, 14);
INSERT INTO property_feature (property_id, feature_id) VALUES (258, 14);
INSERT INTO property_feature (property_id, feature_id) VALUES (258, 36);
INSERT INTO property_feature (property_id, feature_id) VALUES (259, 11);
INSERT INTO property_feature (property_id, feature_id) VALUES (259, 26);
INSERT INTO property_feature (property_id, feature_id) VALUES (259, 42);
INSERT INTO property_feature (property_id, feature_id) VALUES (259, 26);
INSERT INTO property_feature (property_id, feature_id) VALUES (260, 11);
INSERT INTO property_feature (property_id, feature_id) VALUES (260, 29);
INSERT INTO property_feature (property_id, feature_id) VALUES (260, 4);
INSERT INTO property_feature (property_id, feature_id) VALUES (260, 39);
INSERT INTO property_feature (property_id, feature_id) VALUES (261, 37);
INSERT INTO property_feature (property_id, feature_id) VALUES (262, 0);
INSERT INTO property_feature (property_id, feature_id) VALUES (262, 20);
INSERT INTO property_feature (property_id, feature_id) VALUES (263, 39);
INSERT INTO property_feature (property_id, feature_id) VALUES (263, 24);
INSERT INTO property_feature (property_id, feature_id) VALUES (263, 11);
INSERT INTO property_feature (property_id, feature_id) VALUES (265, 11);
INSERT INTO property_feature (property_id, feature_id) VALUES (265, 24);
INSERT INTO property_feature (property_id, feature_id) VALUES (265, 38);
INSERT INTO property_feature (property_id, feature_id) VALUES (265, 13);
INSERT INTO property_feature (property_id, feature_id) VALUES (266, 4);
INSERT INTO property_feature (property_id, feature_id) VALUES (267, 36);
INSERT INTO property_feature (property_id, feature_id) VALUES (267, 6);
INSERT INTO property_feature (property_id, feature_id) VALUES (267, 34);
INSERT INTO property_feature (property_id, feature_id) VALUES (267, 39);
INSERT INTO property_feature (property_id, feature_id) VALUES (268, 3);
INSERT INTO property_feature (property_id, feature_id) VALUES (268, 13);
INSERT INTO property_feature (property_id, feature_id) VALUES (269, 22);
INSERT INTO property_feature (property_id, feature_id) VALUES (269, 29);
INSERT INTO property_feature (property_id, feature_id) VALUES (270, 26);
INSERT INTO property_feature (property_id, feature_id) VALUES (272, 20);
INSERT INTO property_feature (property_id, feature_id) VALUES (272, 40);
INSERT INTO property_feature (property_id, feature_id) VALUES (272, 18);
INSERT INTO property_feature (property_id, feature_id) VALUES (272, 1);
INSERT INTO property_feature (property_id, feature_id) VALUES (272, 11);
INSERT INTO property_feature (property_id, feature_id) VALUES (273, 35);
INSERT INTO property_feature (property_id, feature_id) VALUES (273, 31);
INSERT INTO property_feature (property_id, feature_id) VALUES (273, 15);
INSERT INTO property_feature (property_id, feature_id) VALUES (273, 13);
INSERT INTO property_feature (property_id, feature_id) VALUES (274, 5);
INSERT INTO property_feature (property_id, feature_id) VALUES (274, 6);
INSERT INTO property_feature (property_id, feature_id) VALUES (274, 24);
INSERT INTO property_feature (property_id, feature_id) VALUES (274, 5);
INSERT INTO property_feature (property_id, feature_id) VALUES (275, 16);
INSERT INTO property_feature (property_id, feature_id) VALUES (275, 15);
INSERT INTO property_feature (property_id, feature_id) VALUES (276, 22);
INSERT INTO property_feature (property_id, feature_id) VALUES (276, 7);
INSERT INTO property_feature (property_id, feature_id) VALUES (277, 8);
INSERT INTO property_feature (property_id, feature_id) VALUES (277, 38);
INSERT INTO property_feature (property_id, feature_id) VALUES (278, 29);
INSERT INTO property_feature (property_id, feature_id) VALUES (279, 1);
INSERT INTO property_feature (property_id, feature_id) VALUES (279, 30);
INSERT INTO property_feature (property_id, feature_id) VALUES (283, 15);
INSERT INTO property_feature (property_id, feature_id) VALUES (283, 5);
INSERT INTO property_feature (property_id, feature_id) VALUES (283, 21);
INSERT INTO property_feature (property_id, feature_id) VALUES (284, 21);
INSERT INTO property_feature (property_id, feature_id) VALUES (284, 35);
INSERT INTO property_feature (property_id, feature_id) VALUES (284, 13);
INSERT INTO property_feature (property_id, feature_id) VALUES (285, 12);
INSERT INTO property_feature (property_id, feature_id) VALUES (285, 32);
INSERT INTO property_feature (property_id, feature_id) VALUES (285, 40);
INSERT INTO property_feature (property_id, feature_id) VALUES (285, 41);
INSERT INTO property_feature (property_id, feature_id) VALUES (286, 37);
INSERT INTO property_feature (property_id, feature_id) VALUES (286, 19);
INSERT INTO property_feature (property_id, feature_id) VALUES (286, 0);
INSERT INTO property_feature (property_id, feature_id) VALUES (287, 1);
INSERT INTO property_feature (property_id, feature_id) VALUES (287, 3);
INSERT INTO property_feature (property_id, feature_id) VALUES (289, 26);
INSERT INTO property_feature (property_id, feature_id) VALUES (290, 35);
INSERT INTO property_feature (property_id, feature_id) VALUES (290, 22);
INSERT INTO property_feature (property_id, feature_id) VALUES (290, 8);
INSERT INTO property_feature (property_id, feature_id) VALUES (290, 39);
INSERT INTO property_feature (property_id, feature_id) VALUES (290, 39);
INSERT INTO property_feature (property_id, feature_id) VALUES (291, 41);
INSERT INTO property_feature (property_id, feature_id) VALUES (291, 28);
INSERT INTO property_feature (property_id, feature_id) VALUES (292, 23);
INSERT INTO property_feature (property_id, feature_id) VALUES (292, 26);
INSERT INTO property_feature (property_id, feature_id) VALUES (292, 26);
INSERT INTO property_feature (property_id, feature_id) VALUES (292, 37);
INSERT INTO property_feature (property_id, feature_id) VALUES (293, 8);
INSERT INTO property_feature (property_id, feature_id) VALUES (293, 37);
INSERT INTO property_feature (property_id, feature_id) VALUES (294, 42);
INSERT INTO property_feature (property_id, feature_id) VALUES (294, 10);
INSERT INTO property_feature (property_id, feature_id) VALUES (295, 5);
INSERT INTO property_feature (property_id, feature_id) VALUES (295, 12);
INSERT INTO property_feature (property_id, feature_id) VALUES (295, 34);
INSERT INTO property_feature (property_id, feature_id) VALUES (296, 17);
INSERT INTO property_feature (property_id, feature_id) VALUES (296, 13);
INSERT INTO property_feature (property_id, feature_id) VALUES (296, 41);
INSERT INTO property_feature (property_id, feature_id) VALUES (296, 1);
INSERT INTO property_feature (property_id, feature_id) VALUES (296, 1);
INSERT INTO property_feature (property_id, feature_id) VALUES (297, 23);
INSERT INTO property_feature (property_id, feature_id) VALUES (297, 8);
INSERT INTO property_feature (property_id, feature_id) VALUES (297, 36);
INSERT INTO property_feature (property_id, feature_id) VALUES (298, 11);
INSERT INTO property_feature (property_id, feature_id) VALUES (298, 4);
INSERT INTO property_feature (property_id, feature_id) VALUES (298, 36);
INSERT INTO property_feature (property_id, feature_id) VALUES (298, 16);
INSERT INTO property_feature (property_id, feature_id) VALUES (298, 25);
INSERT INTO property_feature (property_id, feature_id) VALUES (300, 25);
INSERT INTO property_feature (property_id, feature_id) VALUES (301, 11);
INSERT INTO property_feature (property_id, feature_id) VALUES (301, 0);
INSERT INTO property_feature (property_id, feature_id) VALUES (301, 19);
INSERT INTO property_feature (property_id, feature_id) VALUES (301, 13);
INSERT INTO property_feature (property_id, feature_id) VALUES (302, 29);
INSERT INTO property_feature (property_id, feature_id) VALUES (302, 12);
INSERT INTO property_feature (property_id, feature_id) VALUES (303, 28);
INSERT INTO property_feature (property_id, feature_id) VALUES (304, 34);
INSERT INTO property_feature (property_id, feature_id) VALUES (304, 12);
INSERT INTO property_feature (property_id, feature_id) VALUES (304, 38);
INSERT INTO property_feature (property_id, feature_id) VALUES (304, 5);
INSERT INTO property_feature (property_id, feature_id) VALUES (304, 32);
INSERT INTO property_feature (property_id, feature_id) VALUES (305, 15);
INSERT INTO property_feature (property_id, feature_id) VALUES (305, 35);
INSERT INTO property_feature (property_id, feature_id) VALUES (305, 24);
INSERT INTO property_feature (property_id, feature_id) VALUES (305, 19);
INSERT INTO property_feature (property_id, feature_id) VALUES (305, 19);
INSERT INTO property_feature (property_id, feature_id) VALUES (306, 25);
INSERT INTO property_feature (property_id, feature_id) VALUES (306, 26);
INSERT INTO property_feature (property_id, feature_id) VALUES (306, 40);
INSERT INTO property_feature (property_id, feature_id) VALUES (307, 6);
INSERT INTO property_feature (property_id, feature_id) VALUES (307, 42);
INSERT INTO property_feature (property_id, feature_id) VALUES (307, 0);
INSERT INTO property_feature (property_id, feature_id) VALUES (307, 31);
INSERT INTO property_feature (property_id, feature_id) VALUES (307, 16);
INSERT INTO property_feature (property_id, feature_id) VALUES (308, 31);
INSERT INTO property_feature (property_id, feature_id) VALUES (308, 28);
INSERT INTO property_feature (property_id, feature_id) VALUES (308, 31);
INSERT INTO property_feature (property_id, feature_id) VALUES (308, 39);
INSERT INTO property_feature (property_id, feature_id) VALUES (308, 29);
INSERT INTO property_feature (property_id, feature_id) VALUES (309, 37);
INSERT INTO property_feature (property_id, feature_id) VALUES (310, 30);
INSERT INTO property_feature (property_id, feature_id) VALUES (311, 3);
INSERT INTO property_feature (property_id, feature_id) VALUES (311, 17);
INSERT INTO property_feature (property_id, feature_id) VALUES (311, 5);
INSERT INTO property_feature (property_id, feature_id) VALUES (312, 36);
INSERT INTO property_feature (property_id, feature_id) VALUES (312, 19);
INSERT INTO property_feature (property_id, feature_id) VALUES (312, 8);
INSERT INTO property_feature (property_id, feature_id) VALUES (313, 16);
INSERT INTO property_feature (property_id, feature_id) VALUES (313, 0);
INSERT INTO property_feature (property_id, feature_id) VALUES (314, 17);
INSERT INTO property_feature (property_id, feature_id) VALUES (314, 38);
INSERT INTO property_feature (property_id, feature_id) VALUES (314, 10);
INSERT INTO property_feature (property_id, feature_id) VALUES (314, 31);
INSERT INTO property_feature (property_id, feature_id) VALUES (314, 17);
INSERT INTO property_feature (property_id, feature_id) VALUES (315, 10);
INSERT INTO property_feature (property_id, feature_id) VALUES (315, 6);
INSERT INTO property_feature (property_id, feature_id) VALUES (315, 15);
INSERT INTO property_feature (property_id, feature_id) VALUES (315, 17);
INSERT INTO property_feature (property_id, feature_id) VALUES (316, 41);
INSERT INTO property_feature (property_id, feature_id) VALUES (316, 22);
INSERT INTO property_feature (property_id, feature_id) VALUES (316, 30);
INSERT INTO property_feature (property_id, feature_id) VALUES (316, 33);
INSERT INTO property_feature (property_id, feature_id) VALUES (316, 14);
INSERT INTO property_feature (property_id, feature_id) VALUES (317, 1);
INSERT INTO property_feature (property_id, feature_id) VALUES (318, 39);
INSERT INTO property_feature (property_id, feature_id) VALUES (318, 29);
INSERT INTO property_feature (property_id, feature_id) VALUES (318, 11);
INSERT INTO property_feature (property_id, feature_id) VALUES (318, 15);
INSERT INTO property_feature (property_id, feature_id) VALUES (318, 2);
INSERT INTO property_feature (property_id, feature_id) VALUES (319, 37);
INSERT INTO property_feature (property_id, feature_id) VALUES (320, 27);
INSERT INTO property_feature (property_id, feature_id) VALUES (324, 41);
INSERT INTO property_feature (property_id, feature_id) VALUES (324, 40);
INSERT INTO property_feature (property_id, feature_id) VALUES (324, 33);
INSERT INTO property_feature (property_id, feature_id) VALUES (325, 18);
INSERT INTO property_feature (property_id, feature_id) VALUES (325, 42);
INSERT INTO property_feature (property_id, feature_id) VALUES (325, 21);
INSERT INTO property_feature (property_id, feature_id) VALUES (326, 18);
INSERT INTO property_feature (property_id, feature_id) VALUES (326, 32);
INSERT INTO property_feature (property_id, feature_id) VALUES (326, 31);
INSERT INTO property_feature (property_id, feature_id) VALUES (327, 1);
INSERT INTO property_feature (property_id, feature_id) VALUES (327, 34);
INSERT INTO property_feature (property_id, feature_id) VALUES (328, 15);
INSERT INTO property_feature (property_id, feature_id) VALUES (328, 17);
INSERT INTO property_feature (property_id, feature_id) VALUES (328, 38);
INSERT INTO property_feature (property_id, feature_id) VALUES (328, 30);
INSERT INTO property_feature (property_id, feature_id) VALUES (329, 4);
INSERT INTO property_feature (property_id, feature_id) VALUES (329, 28);
INSERT INTO property_feature (property_id, feature_id) VALUES (329, 42);
INSERT INTO property_feature (property_id, feature_id) VALUES (329, 3);
INSERT INTO property_feature (property_id, feature_id) VALUES (329, 39);
INSERT INTO property_feature (property_id, feature_id) VALUES (330, 0);
INSERT INTO property_feature (property_id, feature_id) VALUES (330, 0);
INSERT INTO property_feature (property_id, feature_id) VALUES (330, 6);
INSERT INTO property_feature (property_id, feature_id) VALUES (331, 27);
INSERT INTO property_feature (property_id, feature_id) VALUES (331, 35);
INSERT INTO property_feature (property_id, feature_id) VALUES (332, 42);
INSERT INTO property_feature (property_id, feature_id) VALUES (332, 42);
INSERT INTO property_feature (property_id, feature_id) VALUES (334, 10);
INSERT INTO property_feature (property_id, feature_id) VALUES (335, 26);
INSERT INTO property_feature (property_id, feature_id) VALUES (335, 7);
INSERT INTO property_feature (property_id, feature_id) VALUES (335, 20);
INSERT INTO property_feature (property_id, feature_id) VALUES (335, 0);
INSERT INTO property_feature (property_id, feature_id) VALUES (337, 30);
INSERT INTO property_feature (property_id, feature_id) VALUES (337, 40);
INSERT INTO property_feature (property_id, feature_id) VALUES (337, 17);
INSERT INTO property_feature (property_id, feature_id) VALUES (337, 35);
INSERT INTO property_feature (property_id, feature_id) VALUES (338, 28);
INSERT INTO property_feature (property_id, feature_id) VALUES (338, 29);
INSERT INTO property_feature (property_id, feature_id) VALUES (339, 11);
INSERT INTO property_feature (property_id, feature_id) VALUES (339, 25);
INSERT INTO property_feature (property_id, feature_id) VALUES (339, 28);
INSERT INTO property_feature (property_id, feature_id) VALUES (339, 8);
INSERT INTO property_feature (property_id, feature_id) VALUES (340, 29);
INSERT INTO property_feature (property_id, feature_id) VALUES (340, 6);
INSERT INTO property_feature (property_id, feature_id) VALUES (340, 29);
INSERT INTO property_feature (property_id, feature_id) VALUES (340, 8);
INSERT INTO property_feature (property_id, feature_id) VALUES (340, 6);
INSERT INTO property_feature (property_id, feature_id) VALUES (341, 28);
INSERT INTO property_feature (property_id, feature_id) VALUES (341, 32);